hero,output_file,triangles,bytes,sha256,format,quality_score,source_type,source_name,source_created_at,source_id,source_url,member_path,derived_alias_of
Abathur,Abathur.stl,440000,22000084,d3f3cc2f150a4debd05c3216ec8eb4f01c34cf16c3c4efe82fb73615ef16b218,binary,13825,artifact,HOTS-v8-group-1,2026-10-04T11:37:56Z,11301903216,https://api.github.com/repos/JimmyTheCool/HOTS-03/actions/artifacts/11301903216/zip,STL/Abathur.stl,
Alarak,Alarak.stl,304014,15200784,c96c1b080a8e16941a4c1f9ba5fdcb683bdf55defa2865e2069f7541bea3af2b,binary,13825,artifact,HOTS-v8-group-1,2026-10-04T11:37:56Z,11301903216,https://api.github.com/repos/JimmyTheCool/HOTS-03/actions/artifacts/11301903216/zip,STL/Alarak.stl,
Alexstrasza,Alexstrasza.stl,367448,18372484,9a2f31b1d4ce3a809115c552cb26d3c39cdde0e6fbcb25b2d9a9bc674306e0a8,binary,13825,artifact,HOTS-v8-group-1,2026-10-04T11:37:56Z,11301903216,https://api.github.com/repos/JimmyTheCool/HOTS-03/actions/artifacts/11301903216/zip,STL/Alexstrasza.stl,
Ana,Ana.stl,250898,12544984,9993506fa1b5c124444c050b70bea3b2f7661f22199bca5a995b751a96d7c612,binary,13825,artifact,HOTS-v8-group-2,2026-10-04T11:36:31Z,11302546971,https://api.github.com/repos/JimmyTheCool/HOTS-03/actions/artifacts/11302546971/zip,STL/Ana.stl,
Anduin,Anduin.stl,158294,7914784,2f814ca779376b8bf1a943bdcdb45cf1951eae6d26485034ff6f7dc80ce1ec79,binary,13825,artifact,HOTS-v8-group-2,2026-10-04T11:36:31Z,11302546971,https://api.github.com/repos/JimmyTheCool/HOTS-03/actions/artifacts/11302546971/zip,STL/Anduin.stl,
Anub'arak,Anub'arak.stl,439126,21956384,6f6acae2a44d265cc3357d45b00ba4a109cdb1e150d973a5e67990213a686459,binary,13825,artifact,HOTS-v8-group-2,2026-10-04T11:36:31Z,11302546971,https://api.github.com/repos/JimmyTheCool/HOTS-03/actions/artifacts/11302546971/zip,STL/Anub_arak.stl,
Artanis,Artanis.stl,439754,21987784,335eef7d68f0e6ddf39d17ec7b257914facebc79589c8bc942099eb44a08cabc,binary,13825,artifact,HOTS-v8-group-3,2026-10-04T11:37:46Z,11301967958,https://api.github.com/repos/JimmyTheCool/HOTS-03/actions/artifacts/11301967958/zip,STL/Artanis.stl,
Arthas,Arthas.stl,322610,16130584,646eb2105e34006b3e815af02fc1bf043475d6b716ec891b191fe7bd261bf629,binary,13825,artifact,HOTS-v8-group-3,2026-10-04T11:37:46Z,11301967958,https://api.github.com/repos/JimmyTheCool/HOTS-03/actions/artifacts/11301967958/zip,STL/Arthas.stl,
Auriel,Auriel.stl,170956,8547884,b4e6c5563316c83ffd6deb45d4847a1e9e92a23941278d0561d65027ce605904,binary,13825,artifact,HOTS-v8-group-3,2026-10-04T11:37:46Z,11301967958,https://api.github.com/repos/JimmyTheCool/HOTS-03/actions/artifacts/11301967958/zip,STL/Auriel.stl,
Azmodan,Azmodan.stl,438714,21935784,2f7be74a40b00e18721a44afe10ddd28cdcd456ee978ea47887041ab120c8142,binary,13825,artifact,HOTS-v8-group-4,2026-10-04T11:38:27Z,11302441478,https://api.github.com/repos/JimmyTheCool/HOTS-03/actions/artifacts/11302441478/zip,STL/Azmodan.stl,
Blaze,Blaze.stl,439212,21960684,4065e9cb404666ba77e3883aeedeb898595d919f5f364959cb4499652c6653f0,binary,13825,artifact,HOTS-v8-group-4,2026-10-04T11:38:27Z,11302441478,https://api.github.com/repos/JimmyTheCool/HOTS-03/actions/artifacts/11302441478/zip,STL/Blaze.stl,
Brightwing,Brightwing.stl,260464,13023284,e5148b8d39b1f91a3c0928bb79342c8b7517ee199d7090121862cbc522de9a99,binary,13825,artifact,HOTS-v8-group-4,2026-10-04T11:38:27Z,11302441478,https://api.github.com/repos/JimmyTheCool/HOTS-03/actions/artifacts/11302441478/zip,STL/Brightwing.stl,
The Butcher,The Butcher.stl,438416,21920884,2c2bfdca0e4373c9a6d2bda6a3f1b321e1677cfbfd11f9ffdec0d91396078729,binary,13825,artifact,HOTS-v8-group-5,2026-10-04T11:40:27Z,11301747435,https://api.github.com/repos/JimmyTheCool/HOTS-03/actions/artifacts/11301747435/zip,STL/The_Butcher.stl,
Cassia,Cassia.stl,210514,10525784,6e965763612ea7403540313755f2d37547d43148e587992b00c63ba61eccb492,binary,13825,artifact,HOTS-v8-group-5,2026-10-04T11:40:27Z,11301747435,https://api.github.com/repos/JimmyTheCool/HOTS-03/actions/artifacts/11301747435/zip,STL/Cassia.stl,
Chen,Chen.stl,439324,21966284,a4d23f80b72dae6ec40c31ba9889b3671390e0cf6e2984f8422c7f33cf9d98f0,binary,13825,artifact,HOTS-v8-group-5,2026-10-04T11:40:27Z,11301747435,https://api.github.com/repos/JimmyTheCool/HOTS-03/actions/artifacts/11301747435/zip,STL/Chen.stl,
Cho,Cho.stl,181602,9080184,d76a417ae3eb8b0949b04c8c811344ce055182f959e07ed663263cf5ba0eef28,binary,13825,artifact,HOTS-v8-group-6,2026-10-04T11:35:35Z,11302426173,https://api.github.com/repos/JimmyTheCool/HOTS-03/actions/artifacts/11302426173/zip,STL/Cho.stl,
Chromie,Chromie.stl,397314,19865784,ca46b2cabb0307c35c97d04c8214a9919a37f1a681f9ff1385912bc4eb8406e3,binary,13825,artifact,HOTS-v8-group-6,2026-10-04T11:35:35Z,11302426173,https://api.github.com/repos/JimmyTheCool/HOTS-03/actions/artifacts/11302426173/zip,STL/Chromie.stl,
D.Va,D.Va.stl,371766,18588384,2973de72bfa124d9c7799551929a1cf3f31d07e1c3a2f553435b28ea443ba10f,binary,13825,artifact,HOTS-v8-group-6,2026-10-04T11:35:35Z,11302426173,https://api.github.com/repos/JimmyTheCool/HOTS-03/actions/artifacts/11302426173/zip,STL/D.Va.stl,
Deathwing,Deathwing.stl,415116,20755884,6bf2b8ec9ddac8c36e49baacaee10cdb3882dbbeb43aba86c1155d48a470c2df,binary,13825,artifact,HOTS-v8-group-7,2026-10-04T11:39:13Z,11301768704,https://api.github.com/repos/JimmyTheCool/HOTS-03/actions/artifacts/11301768704/zip,STL/Deathwing.stl,
Deckard,Deckard.stl,439776,21988884,7dac5100de3e383d9f45d8a3983c48bf74ef7c0afccf10319ef12307ddb1f7d8,binary,13825,artifact,HOTS-v8-group-7,2026-10-04T11:39:13Z,11301768704,https://api.github.com/repos/JimmyTheCool/HOTS-03/actions/artifacts/11301768704/zip,STL/Deckard.stl,
Dehaka,Dehaka.stl,435074,21753784,0f339d5959af86b40ca21e39ef803656c8f15afeb77aa2ade2455c970a4afcbd,binary,13825,artifact,HOTS-v8-group-7,2026-10-04T11:39:13Z,11301768704,https://api.github.com/repos/JimmyTheCool/HOTS-03/actions/artifacts/11301768704/zip,STL/Dehaka.stl,
Diablo,Diablo.stl,440000,22000084,0abfce3144350e19b00253cbf784384b8708b4c885c13f7503b462d98235f613,binary,13825,artifact,HOTS-v8-group-8,2026-10-04T11:39:59Z,11302492391,https://api.github.com/repos/JimmyTheCool/HOTS-03/actions/artifacts/11302492391/zip,STL/Diablo.stl,
E.T.C.,E.T.C.stl,304836,15241884,4662e0a2623d231f00fd6fd07122d46aca4340ff8f778b5b30be1a4ce7365b6a,binary,13825,artifact,HOTS-v8-group-8,2026-10-04T11:39:59Z,11302492391,https://api.github.com/repos/JimmyTheCool/HOTS-03/actions/artifacts/11302492391/zip,STL/E.T.C.stl,
Falstad,Falstad.stl,439064,21953284,cdc110bd5ab97f0213c3cd0d7b600193a8c31e705bf16ce8feb7664fa7dc5e5f,binary,13825,artifact,HOTS-v8-group-8,2026-10-04T11:39:59Z,11302492391,https://api.github.com/repos/JimmyTheCool/HOTS-03/actions/artifacts/11302492391/zip,STL/Falstad.stl,
Gall,Gall.stl,181602,9080184,d76a417ae3eb8b0949b04c8c811344ce055182f959e07ed663263cf5ba0eef28,binary,14225,artifact,HOTS-v8-rescue-Gall,2026-10-04T11:39:57Z,11302098028,https://api.github.com/repos/JimmyTheCool/HOTS-03/actions/artifacts/11302098028/zip,STL/Gall.stl,
Garrosh,Garrosh.stl,388552,19427684,4fa8e38a37617ac143fefa80ca9b59f3399bec4d3cae15c8587fe887946fcfc2,binary,14225,artifact,HOTS-v8-rescue-Garrosh,2026-10-04T11:41:15Z,11302672278,https://api.github.com/repos/JimmyTheCool/HOTS-03/actions/artifacts/11302672278/zip,STL/Garrosh.stl,
Gazlowe,Gazlowe.stl,439696,21984884,e35f996fac178eaf7379d3f351f9f71fe5196a81344db38af34c0e374c6e98d6,binary,13825,artifact,HOTS-v8-group-10,2026-10-04T11:39:57Z,11302367674,https://api.github.com/repos/JimmyTheCool/HOTS-03/actions/artifacts/11302367674/zip,STL/Gazlowe.stl,
Genji,Genji.stl,439398,21969984,eb0f4f7d53a9f290a4f39ec26cedf4cf3367ac5198a61ba77083c2c88ecb16d7,binary,13825,artifact,HOTS-v8-group-10,2026-10-04T11:39:57Z,11302367674,https://api.github.com/repos/JimmyTheCool/HOTS-03/actions/artifacts/11302367674/zip,STL/Genji.stl,
Greymane,Greymane.stl,438734,21936784,59fb4a04461298f2093883023ebee656168dff749546157bcffb58d6fbdd9e38,binary,13825,artifact,HOTS-v8-group-10,2026-10-04T11:39:57Z,11302367674,https://api.github.com/repos/JimmyTheCool/HOTS-03/actions/artifacts/11302367674/zip,STL/Greymane.stl,
Gul'dan,Gul'dan.stl,355560,17778084,0cdad7f9c9dc0e69e3b9a1ffd2152f99e76ce9ce54286bdcd5ae12e4e29dcd33,binary,13825,artifact,HOTS-v8-group-11,2026-10-04T11:41:13Z,11302342876,https://api.github.com/repos/JimmyTheCool/HOTS-03/actions/artifacts/11302342876/zip,STL/Gul_dan.stl,
Hanzo,Hanzo.stl,439994,21999784,e725fa780a7a995837cfacfb9447e8c9dcea8f66704e00084ecce7813c257dd8,binary,13825,artifact,HOTS-v8-group-11,2026-10-04T11:41:13Z,11302342876,https://api.github.com/repos/JimmyTheCool/HOTS-03/actions/artifacts/11302342876/zip,STL/Hanzo.stl,
Hogger,Hogger.stl,399100,19955084,2f896c37745ff519b3befc8178aa89f8fea5bf4beb5d7f930c25ccb65d05b764,binary,12725,artifact,HOTS-v7-group-11,2026-10-04T11:25:46Z,11301862005,https://api.github.com/repos/JimmyTheCool/HOTS-03/actions/artifacts/11301862005/zip,STL/Hogger.stl,
Illidan,Illidan.stl,203514,10175784,475b02daaf3f5da9516896aabc904694c05d1d3dd311827c120c8c1edd75b385,binary,13825,artifact,HOTS-v8-group-12,2026-10-04T11:38:58Z,11302800472,https://api.github.com/repos/JimmyTheCool/HOTS-03/actions/artifacts/11302800472/zip,STL/Illidan.stl,
Imperius,Imperius.stl,439962,21998184,8a6443ef6192c457637d40976006870787d9c63637d0cf13755a9d64c8fc7edd,binary,13825,artifact,HOTS-v8-group-12,2026-10-04T11:38:58Z,11302800472,https://api.github.com/repos/JimmyTheCool/HOTS-03/actions/artifacts/11302800472/zip,STL/Imperius.stl,
Jaina,Jaina.stl,433024,21651284,eadd01fee49f761d3ec2887f26a6cc41994b348752239908f68f08f51430cbe6,binary,13825,artifact,HOTS-v8-group-12,2026-10-04T11:38:58Z,11302800472,https://api.github.com/repos/JimmyTheCool/HOTS-03/actions/artifacts/11302800472/zip,STL/Jaina.stl,
Johanna,Johanna.stl,438674,21933784,cfd12365a83a135c2c72407eb6cb22a25e39a4e645e88984d00a853173c6d62a,binary,13825,artifact,HOTS-v8-group-13,2026-10-04T11:40:24Z,11302776477,https://api.github.com/repos/JimmyTheCool/HOTS-03/actions/artifacts/11302776477/zip,STL/Johanna.stl,
Junkrat,Junkrat.stl,170626,8531384,db5a3540612e073d61f7ae6c5c73afb12d6f8affa871ccd9d7af299f59731d67,binary,13825,artifact,HOTS-v8-group-13,2026-10-04T11:40:24Z,11302776477,https://api.github.com/repos/JimmyTheCool/HOTS-03/actions/artifacts/11302776477/zip,STL/Junkrat.stl,
Kael'thas,Kael'thas.stl,402862,20143184,13b641e6f8b91b39d2ce1ca2eb4200c872826a6b0e28917a222cc39a5e0277b6,binary,13825,artifact,HOTS-v8-group-13,2026-10-04T11:40:24Z,11302776477,https://api.github.com/repos/JimmyTheCool/HOTS-03/actions/artifacts/11302776477/zip,STL/Kael_thas.stl,
Kel'Thuzad,Kel'Thuzad.stl,248460,12423084,a2b3b117e56a65a7462a17694971ef900cb199761dde4a5914b84ffcf50ff19a,binary,13825,artifact,HOTS-v8-group-14,2026-10-04T11:40:41Z,11302512573,https://api.github.com/repos/JimmyTheCool/HOTS-03/actions/artifacts/11302512573/zip,STL/Kel_Thuzad.stl,
Kerrigan,Kerrigan.stl,439870,21993584,c734b6f46e9f57af309d6f2de1b11af08e1bac40cebabc66380c944153b2751e,binary,13825,artifact,HOTS-v8-group-14,2026-10-04T11:40:41Z,11302512573,https://api.github.com/repos/JimmyTheCool/HOTS-03/actions/artifacts/11302512573/zip,STL/Kerrigan.stl,
Kharazim,Kharazim.stl,407820,20391084,43c328f894e0afd9f7f0aa2d6811d48fb4de878f2be30c34a8bb27c712cd8746,binary,13825,artifact,HOTS-v8-group-14,2026-10-04T11:40:41Z,11302512573,https://api.github.com/repos/JimmyTheCool/HOTS-03/actions/artifacts/11302512573/zip,STL/Kharazim.stl,
Leoric,Leoric.stl,415646,20782384,b1213b49f6531f9a6ebe4c291a0ef6762172848a43ac0a580c6adc372816b97f,binary,13825,artifact,HOTS-v8-group-15,2026-10-04T11:42:20Z,11302263148,https://api.github.com/repos/JimmyTheCool/HOTS-03/actions/artifacts/11302263148/zip,STL/Leoric.stl,
Li Li,Li Li.stl,432130,21606584,7ec6d99ddb9d6d637a96324ef9eeaead77eb021fe0512c861d6bbd4b717ccef6,binary,13825,artifact,HOTS-v8-group-15,2026-10-04T11:42:20Z,11302263148,https://api.github.com/repos/JimmyTheCool/HOTS-03/actions/artifacts/11302263148/zip,STL/Li_Li.stl,
Li-Ming,Li-Ming.stl,425304,21265284,4721f1b9e83f13c7fcd4d82b932326ec459e288981c6b80c5b242eba028d2331,binary,13825,artifact,HOTS-v8-group-15,2026-10-04T11:42:20Z,11302263148,https://api.github.com/repos/JimmyTheCool/HOTS-03/actions/artifacts/11302263148/zip,STL/Li-Ming.stl,
Lt. Morales,Lt. Morales.stl,439940,21997084,b3b92fdcc563914f928816e879ee443734cb4b445917acccf5105bfb2fe0da17,binary,13825,artifact,HOTS-v8-group-16,2026-10-04T11:39:54Z,11301768781,https://api.github.com/repos/JimmyTheCool/HOTS-03/actions/artifacts/11301768781/zip,STL/Lt._Morales.stl,
Lucio,Lucio.stl,176146,8807384,a732e7ba67a56c3369491a51929bffb411f1f5ce59eea3357ceda7fe5c87d2bb,binary,13825,artifact,HOTS-v8-group-16,2026-10-04T11:39:54Z,11301768781,https://api.github.com/repos/JimmyTheCool/HOTS-03/actions/artifacts/11301768781/zip,STL/Lucio.stl,
Lunara,Lunara.stl,246590,12329584,caca951ef6f2982f99758edc3269b7994222fdefaec5b236bc29ba8e0c6a5313,binary,13825,artifact,HOTS-v8-group-16,2026-10-04T11:39:54Z,11301768781,https://api.github.com/repos/JimmyTheCool/HOTS-03/actions/artifacts/11301768781/zip,STL/Lunara.stl,
Maiev,Maiev.stl,439064,21953284,23450758be93cdaeefa8c1d73c89e07897234f4216afe5262fcce519a629e7bb,binary,13825,artifact,HOTS-v8-group-17,2026-10-04T11:41:31Z,11302825015,https://api.github.com/repos/JimmyTheCool/HOTS-03/actions/artifacts/11302825015/zip,STL/Maiev.stl,
Mal'Ganis,Mal'Ganis.stl,292880,14644084,e9c0ae2e6d88f0e8ddaa7225fe4be9e028d437ea6b1c1930704fa4310d0ef925,binary,13825,artifact,HOTS-v8-group-17,2026-10-04T11:41:31Z,11302825015,https://api.github.com/repos/JimmyTheCool/HOTS-03/actions/artifacts/11302825015/zip,STL/Mal_Ganis.stl,
Malfurion,Malfurion.stl,357946,17897384,419f6e8837e85ffd16a177a42c5ef37d8b75348f67ce433267ac693c28cbdbde,binary,13825,artifact,HOTS-v8-group-17,2026-10-04T11:41:31Z,11302825015,https://api.github.com/repos/JimmyTheCool/HOTS-03/actions/artifacts/11302825015/zip,STL/Malfurion.stl,
Malthael,Malthael.stl,299356,14967884,7b162a63c87c73e9865f6b1b5344c38f42c14681e3260adadd400576e078e7f2,binary,13825,artifact,HOTS-v8-group-18,2026-10-04T11:41:58Z,11302497460,https://api.github.com/repos/JimmyTheCool/HOTS-03/actions/artifacts/11302497460/zip,STL/Malthael.stl,
Medivh,Medivh.stl,353062,17653184,efc5ef7d2dacd73b469f676808f3278cce985a98bf00232956531bb069250837,binary,13825,artifact,HOTS-v8-group-18,2026-10-04T11:41:58Z,11302497460,https://api.github.com/repos/JimmyTheCool/HOTS-03/actions/artifacts/11302497460/zip,STL/Medivh.stl,
Mei,Mei.stl,438824,21941284,875a49a909e0f881d6a5eaaa711fd4c18310ec1b2c89cf17fb69db5a02826bff,binary,13825,artifact,HOTS-v8-group-18,2026-10-04T11:41:58Z,11302497460,https://api.github.com/repos/JimmyTheCool/HOTS-03/actions/artifacts/11302497460/zip,STL/Mei.stl,
Mephisto,Mephisto.stl,205222,10261184,ba11c8dd12dc7424c04794feb13de8278a2e71ce090dd639b758c9642054b5a9,binary,13825,artifact,HOTS-v8-group-19,2026-10-04T11:42:01Z,11301727608,https://api.github.com/repos/JimmyTheCool/HOTS-03/actions/artifacts/11301727608/zip,STL/Mephisto.stl,
Muradin,Muradin.stl,438574,21928784,23ee793360b8b7f735b3eaf5d956a4cd315830dc35f3e8d700edb74bf2202017,binary,13825,artifact,HOTS-v8-group-19,2026-10-04T11:42:01Z,11301727608,https://api.github.com/repos/JimmyTheCool/HOTS-03/actions/artifacts/11301727608/zip,STL/Muradin.stl,
Murky,Murky.stl,237482,11874184,500b335413cad6adc41ea879dd32f21271a3d2df5a26a65166edddc0274f9d55,binary,13825,artifact,HOTS-v8-group-19,2026-10-04T11:42:01Z,11301727608,https://api.github.com/repos/JimmyTheCool/HOTS-03/actions/artifacts/11301727608/zip,STL/Murky.stl,
Nazeebo,Nazeebo.stl,167222,8361184,41263da2a86d0057a1433b47a0fbc125884b248301c9fedd5f54af09e93b6922,binary,13825,artifact,HOTS-v8-group-20,2026-10-04T11:41:20Z,11302672287,https://api.github.com/repos/JimmyTheCool/HOTS-03/actions/artifacts/11302672287/zip,STL/Nazeebo.stl,
Nova,Nova.stl,201690,10084584,66858362abae74a829faddef9ec7087415972c2d4003996a25f25dfdf7735f13,binary,13825,artifact,HOTS-v8-group-20,2026-10-04T11:41:20Z,11302672287,https://api.github.com/repos/JimmyTheCool/HOTS-03/actions/artifacts/11302672287/zip,STL/Nova.stl,
Orphea,Orphea.stl,222396,11119884,dcf805b5cb7acd7f6e276e4f56632fffed0fe45e8912978f3c89de142e231049,binary,13825,artifact,HOTS-v8-group-20,2026-10-04T11:41:20Z,11302672287,https://api.github.com/repos/JimmyTheCool/HOTS-03/actions/artifacts/11302672287/zip,STL/Orphea.stl,
Probius,Probius.stl,433230,21661584,72382c1ac0e0a4604d43fc51b28018b0e5679ca319385606cef6e0ee5942c4b5,binary,13825,artifact,HOTS-v8-group-21,2026-10-04T11:48:40Z,11302088825,https://api.github.com/repos/JimmyTheCool/HOTS-03/actions/artifacts/11302088825/zip,STL/Probius.stl,
Qhira,Qhira.stl,439130,21956584,3486b7b70a99dc6e00e0b96ab83687c55d755bc10f60814737204befbb048265,binary,13825,artifact,HOTS-v8-group-21,2026-10-04T11:48:40Z,11302088825,https://api.github.com/repos/JimmyTheCool/HOTS-03/actions/artifacts/11302088825/zip,STL/Qhira.stl,
Ragnaros,Ragnaros.stl,274300,13715084,bee4b9cbdb6c45bba07fc5ee7508e9d3864016644be71ba3f33f076faa2afe1c,binary,13825,artifact,HOTS-v8-group-21,2026-10-04T11:48:40Z,11302088825,https://api.github.com/repos/JimmyTheCool/HOTS-03/actions/artifacts/11302088825/zip,STL/Ragnaros.stl,
Raynor,Raynor.stl,438728,21936484,5f59781bb5a21c8fc099bd113c7c8716dfacee436e8269fbeb135f6e219c73cf,binary,13825,artifact,HOTS-v8-group-22,2026-10-04T11:47:04Z,11302513209,https://api.github.com/repos/JimmyTheCool/HOTS-03/actions/artifacts/11302513209/zip,STL/Raynor.stl,
Rehgar,Rehgar.stl,439756,21987884,f735321b5e085cc523b6a8f4d665ac9bc006dcb128757674c1c02ad69c414c56,binary,13825,artifact,HOTS-v8-group-22,2026-10-04T11:47:04Z,11302513209,https://api.github.com/repos/JimmyTheCool/HOTS-03/actions/artifacts/11302513209/zip,STL/Rehgar.stl,
Rexxar,Rexxar.stl,438858,21942984,dfcfbfa0c85528ab49c0fdcab0aa8bc40dddb371ab76b6f1404f4fc92ddeb177,binary,13825,artifact,HOTS-v8-group-22,2026-10-04T11:47:04Z,11302513209,https://api.github.com/repos/JimmyTheCool/HOTS-03/actions/artifacts/11302513209/zip,STL/Rexxar.stl,
Samuro,Samuro.stl,265748,13287484,3c397311066760710988a5b7688655a5a35e540d355ab10c428b58abe396e507,binary,13825,artifact,HOTS-v8-group-23,2026-10-04T11:44:45Z,11302731282,https://api.github.com/repos/JimmyTheCool/HOTS-03/actions/artifacts/11302731282/zip,STL/Samuro.stl,
Sgt. Hammer,Sgt. Hammer.stl,339496,16974884,8714728a9bbbe6eee7bd09be644801dc24e21e13c84bf26a3b87e6655950f14a,binary,13825,artifact,HOTS-v8-group-23,2026-10-04T11:44:45Z,11302731282,https://api.github.com/repos/JimmyTheCool/HOTS-03/actions/artifacts/11302731282/zip,STL/Sgt._Hammer.stl,
Sonya,Sonya.stl,255698,12784984,406c23a0ff3baee62c75929044aab21cac1f7e9c8381ebc2da52cfcc867bcf46,binary,13825,artifact,HOTS-v8-group-23,2026-10-04T11:44:45Z,11302731282,https://api.github.com/repos/JimmyTheCool/HOTS-03/actions/artifacts/11302731282/zip,STL/Sonya.stl,
Stitches,Stitches.stl,422466,21123384,6fb560d84459acb55f2c8303764b67a5281cfe8c1795f2e2ecd26774d4e89d94,binary,13825,artifact,HOTS-v8-group-24,2026-10-04T11:43:11Z,11301737773,https://api.github.com/repos/JimmyTheCool/HOTS-03/actions/artifacts/11301737773/zip,STL/Stitches.stl,
Stukov,Stukov.stl,277414,13870784,88c42844df0b3b3c1ed3d88292233433de09a1245952551f3a0b2fda85e3427a,binary,13825,artifact,HOTS-v8-group-24,2026-10-04T11:43:11Z,11301737773,https://api.github.com/repos/JimmyTheCool/HOTS-03/actions/artifacts/11301737773/zip,STL/Stukov.stl,
Sylvanas,Sylvanas.stl,232824,11641284,9e8ec69e364a3c55854ef3fb6bc36eefb8bc94cd7b30e7d1219e3298ff035110,binary,13825,artifact,HOTS-v8-group-24,2026-10-04T11:43:11Z,11301737773,https://api.github.com/repos/JimmyTheCool/HOTS-03/actions/artifacts/11301737773/zip,STL/Sylvanas.stl,
Tassadar,Tassadar.stl,357766,17888384,3ec7c6fae18d80c0def992b9eb94f847bf4d2bc857dc27b7ffffe30d3bc5de1a,binary,13825,artifact,HOTS-v8-group-25,2026-10-04T11:47:16Z,11302333352,https://api.github.com/repos/JimmyTheCool/HOTS-03/actions/artifacts/11302333352/zip,STL/Tassadar.stl,
The Lost Vikings,The Lost Vikings.stl,423510,21175584,7fdf0504a8ce7163eaa4f6e06a505c2acc0be19c8e6717681e972dbfcc7c2cdb,binary,13825,artifact,HOTS-v8-group-25,2026-10-04T11:47:16Z,11302333352,https://api.github.com/repos/JimmyTheCool/HOTS-03/actions/artifacts/11302333352/zip,STL/The_Lost_Vikings.stl,
Thrall,Thrall.stl,438142,21907184,86ea7e14b7ebfe728613a84237a2a666ae8da778df9426fa368cb9b0dcb3169c,binary,13825,artifact,HOTS-v8-group-25,2026-10-04T11:47:16Z,11302333352,https://api.github.com/repos/JimmyTheCool/HOTS-03/actions/artifacts/11302333352/zip,STL/Thrall.stl,
Tracer,Tracer.stl,154054,7702784,9549376f35c28315817af58c71504171a2b87e6ef0571e64c0720538f7d68243,binary,13825,artifact,HOTS-v8-group-26,2026-10-04T11:44:02Z,11301653202,https://api.github.com/repos/JimmyTheCool/HOTS-03/actions/artifacts/11301653202/zip,STL/Tracer.stl,
Tychus,Tychus.stl,438982,21949184,4926d850059d4f884eb77f513f4f924cf78006721238682db66d63908659a995,binary,13825,artifact,HOTS-v8-group-26,2026-10-04T11:44:02Z,11301653202,https://api.github.com/repos/JimmyTheCool/HOTS-03/actions/artifacts/11301653202/zip,STL/Tychus.stl,
Tyrael,Tyrael.stl,215272,10763684,6b799481918e561fc97da04b2d7699fd622e10f5d4a46da860c42d4fb01b9e1c,binary,13825,artifact,HOTS-v8-group-26,2026-10-04T11:44:02Z,11301653202,https://api.github.com/repos/JimmyTheCool/HOTS-03/actions/artifacts/11301653202/zip,STL/Tyrael.stl,
Tyrande,Tyrande.stl,439360,21968084,91bf781ec9541289648b6341ff54ad96d5c75060c2d52c427083016b0e9366f2,binary,13825,artifact,HOTS-v8-group-27,2026-10-04T11:49:55Z,11302548246,https://api.github.com/repos/JimmyTheCool/HOTS-03/actions/artifacts/11302548246/zip,STL/Tyrande.stl,
Uther,Uther.stl,439730,21986584,4c97da73ef5efee179009bd29ad3ba5737b25cbbe4f1e8f68e7045ce10fdc32a,binary,13825,artifact,HOTS-v8-group-27,2026-10-04T11:49:55Z,11302548246,https://api.github.com/repos/JimmyTheCool/HOTS-03/actions/artifacts/11302548246/zip,STL/Uther.stl,
Valeera,Valeera.stl,222190,11109584,a5f108d589eee78a89157c52c9148529666de957edb48663d6ce4b27cbed2ff7,binary,13825,artifact,HOTS-v8-group-27,2026-10-04T11:49:55Z,11302548246,https://api.github.com/repos/JimmyTheCool/HOTS-03/actions/artifacts/11302548246/zip,STL/Valeera.stl,
Valla,Valla.stl,439924,21996284,f500b13f51a55e668e2a0dd63092333828bc9bb4e495d0f47118e95c93156fba,binary,13825,artifact,HOTS-v8-group-28,2026-10-04T11:45:55Z,11302032386,https://api.github.com/repos/JimmyTheCool/HOTS-03/actions/artifacts/11302032386/zip,STL/Valla.stl,
Varian,Varian.stl,366756,18337884,2ee460333b621a2be39ae65ad588574729416f9ac3dc31befcb28351cd0d6697,binary,13825,artifact,HOTS-v8-group-28,2026-10-04T11:45:55Z,11302032386,https://api.github.com/repos/JimmyTheCool/HOTS-03/actions/artifacts/11302032386/zip,STL/Varian.stl,
Whitemane,Whitemane.stl,114734,5736784,603c8b9747ef5972f86ff192d363d738eee385d2046edc221b23a2208f0e96d7,binary,13825,artifact,HOTS-v8-group-28,2026-10-04T11:45:55Z,11302032386,https://api.github.com/repos/JimmyTheCool/HOTS-03/actions/artifacts/11302032386/zip,STL/Whitemane.stl,
Xal'atath,Xal'atath.stl,195398,9769984,4f30bb2215ea7dc7092ae84c327c2c5bc94f186e78989cf16024107660427356,binary,13825,artifact,HOTS-v8-group-29,2026-10-04T11:44:54Z,11301812597,https://api.github.com/repos/JimmyTheCool/HOTS-03/actions/artifacts/11301812597/zip,STL/Xal_atath.stl,
Xul,Xul.stl,439676,21983884,fafbc187129734439e2d14dbfa7d2b7eaabf2f3a508840a57e5db68f239cf230,binary,13825,artifact,HOTS-v8-group-29,2026-10-04T11:44:54Z,11301812597,https://api.github.com/repos/JimmyTheCool/HOTS-03/actions/artifacts/11301812597/zip,STL/Xul.stl,
Yrel,Yrel.stl,403502,20175184,88c37c9a99bc854a867c7432f25d92faea5f942617b05f86c2f25c34408d6d67,binary,13825,artifact,HOTS-v8-group-29,2026-10-04T11:44:54Z,11301812597,https://api.github.com/repos/JimmyTheCool/HOTS-03/actions/artifacts/11301812597/zip,STL/Yrel.stl,
Zagara,Zagara.stl,346046,17302384,bce25dd49907146de2192f28377e7040103c2de706bda75f6ea45b6bc219f1a0,binary,13825,artifact,HOTS-v8-group-30,2026-10-04T11:47:27Z,11302566819,https://api.github.com/repos/JimmyTheCool/HOTS-03/actions/artifacts/11302566819/zip,STL/Zagara.stl,
Zarya,Zarya.stl,439396,21969884,5209b19ad70352284ddc1f1f560fb8952c45ef6d52784636922612408086dc2d,binary,13825,artifact,HOTS-v8-group-30,2026-10-04T11:47:27Z,11302566819,https://api.github.com/repos/JimmyTheCool/HOTS-03/actions/artifacts/11302566819/zip,STL/Zarya.stl,
Zeratul,Zeratul.stl,308580,15429084,0e54c689f2f9884c2b457a35e1e51bc6fce78405a54c4d7d1ab9d87f3da9bce2,binary,13825,artifact,HOTS-v8-group-30,2026-10-04T11:47:27Z,11302566819,https://api.github.com/repos/JimmyTheCool/HOTS-03/actions/artifacts/11302566819/zip,STL/Zeratul.stl,
Zul'jin,Zul'jin.stl,194412,9720684,96e1a00db353f8a78135db13fa5d7532f345369fae5d2136c39d649cbbeff0ff,binary,13825,artifact,HOTS-v8-group-31,2026-10-04T11:43:34Z,11302517759,https://api.github.com/repos/JimmyTheCool/HOTS-03/actions/artifacts/11302517759/zip,STL/Zul_jin.stl,
