HOTS-v8-group-1	170658245	false
HOTS-v8-group-2	129006526	false
HOTS-v8-group-3	143318990	false
HOTS-v8-group-4	172220664	false
HOTS-v8-group-5	184281478	false
HOTS-v8-group-6	144209446	false
HOTS-v8-group-7	195133149	false
HOTS-v8-group-8	198812604	false
HOTS-v8-group-10	273647668	false
HOTS-v8-group-11	240183575	false
HOTS-v8-group-12	164119900	false
HOTS-v8-group-13	169867710	false
HOTS-v8-group-14	186129798	false
HOTS-v8-group-15	236489970	false
HOTS-v8-group-16	126357940	false
HOTS-v8-group-17	210450083	false
HOTS-v8-group-18	188700083	false
HOTS-v8-group-19	148830488	false
HOTS-v8-group-20	88238901	false
HOTS-v8-group-21	202357347	false
HOTS-v8-group-22	208027421	false
HOTS-v8-group-23	136632215	false
HOTS-v8-group-24	141283764	false
HOTS-v8-group-25	198683502	false
HOTS-v8-group-26	122760238	false
HOTS-v8-group-27	229175282	false
HOTS-v8-group-28	148520621	false
HOTS-v8-group-29	164371662	false
HOTS-v8-group-30	176524734	false
HOTS-v8-group-31	30941145	false
