package	completed	skipped
repair_group (1)	completed	success
repair_group (2)	completed	success
repair_group (3)	completed	success
repair_group (4)	completed	success
repair_group (5)	completed	success
repair_group (6)	completed	success
repair_group (7)	completed	success
repair_group (8)	completed	success
repair_group (9)	completed	failure
repair_group (10)	completed	success
repair_group (11)	completed	failure
repair_group (12)	completed	success
repair_group (13)	completed	success
repair_group (14)	completed	success
repair_group (15)	completed	success
repair_group (16)	completed	success
repair_group (17)	completed	success
repair_group (18)	completed	success
repair_group (19)	completed	success
repair_group (20)	completed	success
repair_group (21)	completed	success
repair_group (22)	completed	success
repair_group (23)	completed	success
repair_group (24)	completed	success
repair_group (25)	completed	success
repair_group (26)	completed	success
repair_group (27)	completed	success
repair_group (28)	completed	success
repair_group (29)	completed	success
repair_group (30)	completed	success
repair_group (31)	completed	success
