source_key	repository	path
abathur	HOTS-02	storm_hero_abathur_base/storm_hero_abathur_base.m3
alarak	HOTS-02	storm_hero_alarak_base/storm_hero_alarak_base.m3
alexstrasza	HOTS-02	storm_hero_alexstrasza_base/storm_hero_alexstrasza_base.m3
ana	HOTS-02	storm_hero_ana_base/storm_hero_ana_base.m3
anduin	HOTS-02	storm_hero_anduin_base/storm_hero_anduin_base.m3
anubarak	HOTS-02	storm_hero_anubarak_base/storm_hero_anubarak_base.m3
artanis	HOTS-02	storm_hero_artanis_base/storm_hero_artanis_base.m3
auriel	HOTS-02	storm_hero_auriel_base/storm_hero_auriel_base.m3
azmodan	HOTS-02	storm_hero_azmodan_base/storm_hero_azmodan_base.m3
brightwing	HOTS-02	storm_hero_brightwing_base/storm_hero_brightwing_base.m3
butcher	HOTS-02	storm_hero_butcher_base/storm_hero_butcher_base.m3
chen	HOTS-02	storm_hero_chen_base/storm_hero_chen_base.m3
chogall	HOTS-02	storm_hero_chogall_base/storm_hero_chogall_base.m3
chromie	HOTS-02	storm_hero_chromie_base/storm_hero_chromie_base.m3
d2amazonf	HOTS-02	storm_hero_d2amazonf_base/storm_hero_d2amazonf_base.m3
d2necrom	HOTS-02	storm_hero_d2necrom_base/storm_hero_d2necrom_base.m3
d3barbarianf	HOTS-02	storm_hero_d3barbarianf_base/storm_hero_d3barbarianf_base.m3
d3crusaderf	HOTS-02	storm_hero_d3crusaderf_base/storm_hero_d3crusaderf_base.m3
d3demonhunterf	HOTS-02	storm_hero_d3demonhunterf_base/storm_hero_d3demonhunterf_base.m3
d3monkm	HOTS-02	storm_hero_d3monkm_base/storm_hero_d3monkm_base.m3
d3witchdoctorm	HOTS-02	storm_hero_d3witchdoctorm_base/storm_hero_d3witchdoctorm_base.m3
d3wizardf	HOTS-02	storm_hero_d3wizardf_base/storm_hero_d3wizardf_base.m3
deathwing	HOTS-02	storm_hero_deathwing_base/storm_hero_deathwing_base.m3
deckard	HOTS-02	storm_hero_deckard_base/storm_hero_deckard_base.m3
dehaka	HOTS-02	storm_hero_dehaka_base/storm_hero_dehaka_base.m3
dryad	HOTS-02	storm_hero_dryad_base/storm_hero_dryad_base.m3
dva	HOTS-02	storm_hero_dva_base/storm_hero_dva_base.m3
dvamech	HOTS-02	storm_hero_dvamech_base/storm_hero_dvamech_base.m3
falstad	HOTS-02	storm_hero_falstad_base/storm_hero_falstad_base.m3
fenix	HOTS-02	storm_hero_fenix_base/storm_hero_fenix_base.m3
firebat	HOTS-02	storm_hero_firebat_base/storm_hero_firebat_base.m3
garrosh	HOTS-02	storm_hero_garrosh_base/storm_hero_garrosh_base.m3
gazlowe	HOTS-02	storm_hero_gazlowe_base/storm_hero_gazlowe_base.m3
genji	HOTS-02	storm_hero_genji_base/storm_hero_genji_base.m3
greymane	HOTS-02	storm_hero_greymane_base/storm_hero_greymane_base.m3
guldan	HOTS-02	storm_hero_guldan_base/storm_hero_guldan_base.m3
hanzo	HOTS-02	storm_hero_hanzo_base/storm_hero_hanzo_base.m3
hogger	HOTS-02	storm_hero_hogger_base/storm_hero_hogger_base.m3
illidan	HOTS-02	storm_hero_illidan_base/storm_hero_illidan_base.m3
imperius	HOTS-02	storm_hero_imperius_base/storm_hero_imperius_base.m3
jaina	HOTS-02	storm_hero_jaina_base/storm_hero_jaina_base.m3
junkrat	HOTS-03	storm_hero_junkrat_base/storm_hero_junkrat_base.m3
kaelthas	HOTS-03	storm_hero_kaelthas_base/storm_hero_kaelthas_base.m3
kelthuzad	HOTS-03	storm_hero_kelthuzad_base/storm_hero_kelthuzad_base.m3
kerrigan	HOTS-03	storm_hero_kerrigan_base/storm_hero_kerrigan_base.m3
kingleoric	HOTS-03	storm_hero_kingleoric_base/storm_hero_kingleoric_base.m3
lili	HOTS-03	storm_hero_lili_base/storm_hero_lili_base.m3
lostbaleog	HOTS-03	storm_hero_lostbaleog_base/storm_hero_lostbaleog_base.m3
losterik	HOTS-03	storm_hero_losterik_base/storm_hero_losterik_base.m3
lostolaf	HOTS-03	storm_hero_lostolaf_base/storm_hero_lostolaf_base.m3
lucio	HOTS-03	storm_hero_lucio_base/storm_hero_lucio_base.m3
maiev	HOTS-03	storm_hero_maiev_base/storm_hero_maiev_base.m3
malfurion	HOTS-03	storm_hero_malfurion_base/storm_hero_malfurion_base.m3
malganis	HOTS-03	storm_hero_malganis_base/storm_hero_malganis_base.m3
malthael	HOTS-03	storm_hero_malthael_base/storm_hero_malthael_base.m3
medic	HOTS-03	storm_hero_medic_base/storm_hero_medic_base.m3
medivh	HOTS-03	storm_hero_medivh_base/storm_hero_medivh_base.m3
meiow	HOTS-03	storm_hero_meiow_base/storm_hero_meiow_base.m3
mephisto	HOTS-03	storm_hero_mephisto_base/storm_hero_mephisto_base.m3
muradin	HOTS-03	storm_hero_muradin_base/storm_hero_muradin_base.m3
murky	HOTS-03	storm_hero_murky_base/storm_hero_murky_base.m3
nexushunter	HOTS-03	storm_hero_nexushunter_base/storm_hero_nexushunter_base.m3
orphea	HOTS-03	storm_hero_orphea_base/storm_hero_orphea_base.m3
probius	HOTS-03	storm_hero_probius_base/storm_hero_probius_base.m3
ragnaros	HOTS-03	storm_hero_ragnaros_base/storm_hero_ragnaros_base.m3
raynor	HOTS-03	storm_hero_raynor_base/storm_hero_raynor_base.m3
rehgar	HOTS-03	storm_hero_rehgar_base/storm_hero_rehgar_base.m3
rexxar	HOTS-03	storm_hero_rexxar_base/storm_hero_rexxar_base.m3
samuro	HOTS-03	storm_hero_samuro_base/storm_hero_samuro_base.m3
stitches	HOTS-03	storm_hero_stitches_base/storm_hero_stitches_base.m3
stukov	HOTS-03	storm_hero_stukov_base/storm_hero_stukov_base.m3
sylvanas	HOTS-03	storm_hero_sylvanas_base/storm_hero_sylvanas_base.m3
tassadar	HOTS-03	storm_hero_tassadar_base/storm_hero_tassadar_base.m3
thrall	HOTS-03	storm_hero_thrall_base/storm_hero_thrall_base.m3
tracer	HOTS-03	storm_hero_tracer_base/storm_hero_tracer_base.m3
tyrael	HOTS-03	storm_hero_tyrael_base/storm_hero_tyrael_base.m3
tyrande	HOTS-03	storm_hero_tyrande_base/storm_hero_tyrande_base.m3
uther	HOTS-03	storm_hero_uther_base/storm_hero_uther_base.m3
valeera	HOTS-03	storm_hero_valeera_base/storm_hero_valeera_base.m3
varian	HOTS-03	storm_hero_varian_base/storm_hero_varian_base.m3
whitemane	HOTS-03	storm_hero_whitemane_base/storm_hero_whitemane_base.m3
xalatath	HOTS-03	storm_hero_xalatath_base/storm_hero_xalatath_base.m3
yrel	HOTS-03	storm_hero_yrel_base/storm_hero_yrel_base.m3
zagara	HOTS-03	storm_hero_zagara_base/storm_hero_zagara_base.m3
zarya	HOTS-03	storm_hero_zarya_base/storm_hero_zarya_base.m3
zeratul	HOTS-03	storm_hero_zeratul_base/storm_hero_zeratul_base.m3
zuljin	HOTS-03	storm_hero_zuljin_base/storm_hero_zuljin_base.m3
