type,name,id,created_at,size,url,status,detail
artifact,HOTS-v6-fixed-chunk-5,11301762261,2026-10-04T11:24:26Z,125466697,https://api.github.com/repos/JimmyTheCool/HOTS-03/actions/artifacts/11301762261/zip,download-or-scan-failed,HTTP Error 415: Unsupported Media Type
artifact,HOTS-v6-fixed-chunk-1,11301671370,2026-10-04T11:22:10Z,243211310,https://api.github.com/repos/JimmyTheCool/HOTS-03/actions/artifacts/11301671370/zip,download-or-scan-failed,HTTP Error 415: Unsupported Media Type
artifact,HOTS-v6-fixed-chunk-3,11302605396,2026-10-04T11:21:54Z,219087782,https://api.github.com/repos/JimmyTheCool/HOTS-03/actions/artifacts/11302605396/zip,download-or-scan-failed,HTTP Error 415: Unsupported Media Type
artifact,HOTS-v6-fixed-chunk-6,11302120606,2026-10-04T11:21:47Z,219838771,https://api.github.com/repos/JimmyTheCool/HOTS-03/actions/artifacts/11302120606/zip,download-or-scan-failed,HTTP Error 415: Unsupported Media Type
artifact,HOTS-v6-fixed-chunk-4,11301544041,2026-10-04T11:13:43Z,170406835,https://api.github.com/repos/JimmyTheCool/HOTS-03/actions/artifacts/11301544041/zip,download-or-scan-failed,HTTP Error 415: Unsupported Media Type
artifact,HOTS-v5-fixed-chunk-5,11300886908,2026-10-04T10:41:42Z,214144159,https://api.github.com/repos/JimmyTheCool/HOTS-03/actions/artifacts/11300886908/zip,download-or-scan-failed,HTTP Error 415: Unsupported Media Type
artifact,HOTS-v5-fixed-chunk-6,11300437837,2026-10-04T10:34:30Z,169083331,https://api.github.com/repos/JimmyTheCool/HOTS-03/actions/artifacts/11300437837/zip,download-or-scan-failed,HTTP Error 415: Unsupported Media Type
artifact,HOTS-v5-fixed-chunk-1,11300467168,2026-10-04T10:28:13Z,225106160,https://api.github.com/repos/JimmyTheCool/HOTS-03/actions/artifacts/11300467168/zip,download-or-scan-failed,HTTP Error 415: Unsupported Media Type
artifact,HOTS-v5-fixed-chunk-3,11300666496,2026-10-04T10:26:12Z,147803301,https://api.github.com/repos/JimmyTheCool/HOTS-03/actions/artifacts/11300666496/zip,download-or-scan-failed,HTTP Error 415: Unsupported Media Type
artifact,HOTS-v5-fixed-chunk-4,11300368255,2026-10-04T10:16:51Z,141072165,https://api.github.com/repos/JimmyTheCool/HOTS-03/actions/artifacts/11300368255/zip,download-or-scan-failed,HTTP Error 415: Unsupported Media Type
artifact,HOTS-v8-group-27,11302548246,2026-10-04T11:49:55Z,229175282,https://api.github.com/repos/JimmyTheCool/HOTS-03/actions/artifacts/11302548246/zip,download-or-scan-failed,HTTP Error 415: Unsupported Media Type
artifact,HOTS-v8-group-21,11302088825,2026-10-04T11:48:40Z,202357347,https://api.github.com/repos/JimmyTheCool/HOTS-03/actions/artifacts/11302088825/zip,download-or-scan-failed,HTTP Error 415: Unsupported Media Type
artifact,HOTS-v8-group-30,11302566819,2026-10-04T11:47:27Z,176524734,https://api.github.com/repos/JimmyTheCool/HOTS-03/actions/artifacts/11302566819/zip,download-or-scan-failed,HTTP Error 415: Unsupported Media Type
artifact,HOTS-v8-group-25,11302333352,2026-10-04T11:47:16Z,198683502,https://api.github.com/repos/JimmyTheCool/HOTS-03/actions/artifacts/11302333352/zip,download-or-scan-failed,HTTP Error 415: Unsupported Media Type
artifact,HOTS-v8-group-22,11302513209,2026-10-04T11:47:04Z,208027421,https://api.github.com/repos/JimmyTheCool/HOTS-03/actions/artifacts/11302513209/zip,download-or-scan-failed,HTTP Error 415: Unsupported Media Type
artifact,HOTS-v8-group-28,11302032386,2026-10-04T11:45:55Z,148520621,https://api.github.com/repos/JimmyTheCool/HOTS-03/actions/artifacts/11302032386/zip,download-or-scan-failed,HTTP Error 415: Unsupported Media Type
artifact,HOTS-v8-group-29,11301812597,2026-10-04T11:44:54Z,164371662,https://api.github.com/repos/JimmyTheCool/HOTS-03/actions/artifacts/11301812597/zip,download-or-scan-failed,HTTP Error 415: Unsupported Media Type
artifact,HOTS-v8-group-23,11302731282,2026-10-04T11:44:45Z,136632215,https://api.github.com/repos/JimmyTheCool/HOTS-03/actions/artifacts/11302731282/zip,download-or-scan-failed,HTTP Error 415: Unsupported Media Type
artifact,HOTS-v8-group-26,11301653202,2026-10-04T11:44:02Z,122760238,https://api.github.com/repos/JimmyTheCool/HOTS-03/actions/artifacts/11301653202/zip,download-or-scan-failed,HTTP Error 415: Unsupported Media Type
artifact,HOTS-v8-group-31,11302517759,2026-10-04T11:43:34Z,30941145,https://api.github.com/repos/JimmyTheCool/HOTS-03/actions/artifacts/11302517759/zip,download-or-scan-failed,HTTP Error 415: Unsupported Media Type
artifact,HOTS-v8-group-24,11301737773,2026-10-04T11:43:11Z,141283764,https://api.github.com/repos/JimmyTheCool/HOTS-03/actions/artifacts/11301737773/zip,download-or-scan-failed,HTTP Error 415: Unsupported Media Type
artifact,HOTS-v8-group-15,11302263148,2026-10-04T11:42:20Z,236489970,https://api.github.com/repos/JimmyTheCool/HOTS-03/actions/artifacts/11302263148/zip,download-or-scan-failed,HTTP Error 415: Unsupported Media Type
artifact,HOTS-v8-group-19,11301727608,2026-10-04T11:42:01Z,148830488,https://api.github.com/repos/JimmyTheCool/HOTS-03/actions/artifacts/11301727608/zip,download-or-scan-failed,HTTP Error 415: Unsupported Media Type
artifact,HOTS-v8-group-18,11302497460,2026-10-04T11:41:58Z,188700083,https://api.github.com/repos/JimmyTheCool/HOTS-03/actions/artifacts/11302497460/zip,download-or-scan-failed,HTTP Error 415: Unsupported Media Type
artifact,HOTS-v8-group-17,11302825015,2026-10-04T11:41:31Z,210450083,https://api.github.com/repos/JimmyTheCool/HOTS-03/actions/artifacts/11302825015/zip,download-or-scan-failed,HTTP Error 415: Unsupported Media Type
artifact,HOTS-v8-group-20,11302672287,2026-10-04T11:41:20Z,88238901,https://api.github.com/repos/JimmyTheCool/HOTS-03/actions/artifacts/11302672287/zip,download-or-scan-failed,HTTP Error 415: Unsupported Media Type
artifact,HOTS-v8-rescue-Garrosh,11302672278,2026-10-04T11:41:15Z,59756048,https://api.github.com/repos/JimmyTheCool/HOTS-03/actions/artifacts/11302672278/zip,download-or-scan-failed,HTTP Error 415: Unsupported Media Type
artifact,HOTS-v8-group-11,11302342876,2026-10-04T11:41:13Z,240183575,https://api.github.com/repos/JimmyTheCool/HOTS-03/actions/artifacts/11302342876/zip,download-or-scan-failed,HTTP Error 415: Unsupported Media Type
artifact,HOTS-v8-group-14,11302512573,2026-10-04T11:40:41Z,186129798,https://api.github.com/repos/JimmyTheCool/HOTS-03/actions/artifacts/11302512573/zip,download-or-scan-failed,HTTP Error 415: Unsupported Media Type
artifact,HOTS-v8-group-5,11301747435,2026-10-04T11:40:27Z,184281478,https://api.github.com/repos/JimmyTheCool/HOTS-03/actions/artifacts/11301747435/zip,download-or-scan-failed,HTTP Error 415: Unsupported Media Type
artifact,HOTS-v8-group-13,11302776477,2026-10-04T11:40:24Z,169867710,https://api.github.com/repos/JimmyTheCool/HOTS-03/actions/artifacts/11302776477/zip,download-or-scan-failed,HTTP Error 415: Unsupported Media Type
artifact,HOTS-v8-group-8,11302492391,2026-10-04T11:39:59Z,198812604,https://api.github.com/repos/JimmyTheCool/HOTS-03/actions/artifacts/11302492391/zip,download-or-scan-failed,HTTP Error 415: Unsupported Media Type
artifact,HOTS-v8-group-10,11302367674,2026-10-04T11:39:57Z,273647668,https://api.github.com/repos/JimmyTheCool/HOTS-03/actions/artifacts/11302367674/zip,download-or-scan-failed,HTTP Error 415: Unsupported Media Type
artifact,HOTS-v8-rescue-Gall,11302098028,2026-10-04T11:39:57Z,27519994,https://api.github.com/repos/JimmyTheCool/HOTS-03/actions/artifacts/11302098028/zip,download-or-scan-failed,HTTP Error 415: Unsupported Media Type
artifact,HOTS-v8-group-16,11301768781,2026-10-04T11:39:54Z,126357940,https://api.github.com/repos/JimmyTheCool/HOTS-03/actions/artifacts/11301768781/zip,download-or-scan-failed,HTTP Error 415: Unsupported Media Type
artifact,HOTS-v8-group-7,11301768704,2026-10-04T11:39:13Z,195133149,https://api.github.com/repos/JimmyTheCool/HOTS-03/actions/artifacts/11301768704/zip,download-or-scan-failed,HTTP Error 415: Unsupported Media Type
artifact,HOTS-v8-group-12,11302800472,2026-10-04T11:38:58Z,164119900,https://api.github.com/repos/JimmyTheCool/HOTS-03/actions/artifacts/11302800472/zip,download-or-scan-failed,HTTP Error 415: Unsupported Media Type
artifact,HOTS-v8-group-4,11302441478,2026-10-04T11:38:27Z,172220664,https://api.github.com/repos/JimmyTheCool/HOTS-03/actions/artifacts/11302441478/zip,download-or-scan-failed,HTTP Error 415: Unsupported Media Type
artifact,HOTS-v8-group-1,11301903216,2026-10-04T11:37:56Z,170658245,https://api.github.com/repos/JimmyTheCool/HOTS-03/actions/artifacts/11301903216/zip,download-or-scan-failed,HTTP Error 415: Unsupported Media Type
artifact,HOTS-v8-group-3,11301967958,2026-10-04T11:37:46Z,143318990,https://api.github.com/repos/JimmyTheCool/HOTS-03/actions/artifacts/11301967958/zip,download-or-scan-failed,HTTP Error 415: Unsupported Media Type
artifact,HOTS-v8-group-2,11302546971,2026-10-04T11:36:31Z,129006526,https://api.github.com/repos/JimmyTheCool/HOTS-03/actions/artifacts/11302546971/zip,download-or-scan-failed,HTTP Error 415: Unsupported Media Type
artifact,HOTS-v8-group-6,11302426173,2026-10-04T11:35:35Z,144209446,https://api.github.com/repos/JimmyTheCool/HOTS-03/actions/artifacts/11302426173/zip,download-or-scan-failed,HTTP Error 415: Unsupported Media Type
artifact,HOTS-v4-repaired-chunk-5,11300826911,2026-10-04T10:28:13Z,186918997,https://api.github.com/repos/JimmyTheCool/HOTS-03/actions/artifacts/11300826911/zip,download-or-scan-failed,HTTP Error 415: Unsupported Media Type
artifact,HOTS-v4-repaired-chunk-6,11300274592,2026-10-04T10:23:57Z,143207526,https://api.github.com/repos/JimmyTheCool/HOTS-03/actions/artifacts/11300274592/zip,download-or-scan-failed,HTTP Error 415: Unsupported Media Type
artifact,HOTS-v4-repaired-chunk-3,11300358604,2026-10-04T10:20:27Z,104812164,https://api.github.com/repos/JimmyTheCool/HOTS-03/actions/artifacts/11300358604/zip,download-or-scan-failed,HTTP Error 415: Unsupported Media Type
artifact,HOTS-v4-repaired-chunk-1,11300910647,2026-10-04T10:19:47Z,125786842,https://api.github.com/repos/JimmyTheCool/HOTS-03/actions/artifacts/11300910647/zip,download-or-scan-failed,HTTP Error 415: Unsupported Media Type
artifact,HOTS-v4-repaired-chunk-4,11300158427,2026-10-04T10:11:33Z,106178240,https://api.github.com/repos/JimmyTheCool/HOTS-03/actions/artifacts/11300158427/zip,download-or-scan-failed,HTTP Error 415: Unsupported Media Type
artifact,HOTS-v7-group-21,11301946645,2026-10-04T11:32:44Z,42233101,https://api.github.com/repos/JimmyTheCool/HOTS-03/actions/artifacts/11301946645/zip,download-or-scan-failed,HTTP Error 415: Unsupported Media Type
artifact,HOTS-v7-group-25,11302576533,2026-10-04T11:32:08Z,39144269,https://api.github.com/repos/JimmyTheCool/HOTS-03/actions/artifacts/11302576533/zip,download-or-scan-failed,HTTP Error 415: Unsupported Media Type
artifact,HOTS-v7-group-30,11302371764,2026-10-04T11:32:08Z,6338,https://api.github.com/repos/JimmyTheCool/HOTS-03/actions/artifacts/11302371764/zip,download-or-scan-failed,HTTP Error 415: Unsupported Media Type
artifact,HOTS-v7-group-27,11301837763,2026-10-04T11:31:58Z,21075342,https://api.github.com/repos/JimmyTheCool/HOTS-03/actions/artifacts/11301837763/zip,download-or-scan-failed,HTTP Error 415: Unsupported Media Type
artifact,HOTS-v7-group-28,11302396850,2026-10-04T11:31:53Z,37667646,https://api.github.com/repos/JimmyTheCool/HOTS-03/actions/artifacts/11302396850/zip,download-or-scan-failed,HTTP Error 415: Unsupported Media Type
artifact,HOTS-v7-group-23,11302031352,2026-10-04T11:31:49Z,13329324,https://api.github.com/repos/JimmyTheCool/HOTS-03/actions/artifacts/11302031352/zip,download-or-scan-failed,HTTP Error 415: Unsupported Media Type
artifact,HOTS-v7-group-22,11302391844,2026-10-04T11:31:32Z,11967117,https://api.github.com/repos/JimmyTheCool/HOTS-03/actions/artifacts/11302391844/zip,download-or-scan-failed,HTTP Error 415: Unsupported Media Type
artifact,HOTS-v7-group-31,11302705414,2026-10-04T11:31:03Z,9758204,https://api.github.com/repos/JimmyTheCool/HOTS-03/actions/artifacts/11302705414/zip,download-or-scan-failed,HTTP Error 415: Unsupported Media Type
artifact,HOTS-v7-group-26,11302366737,2026-10-04T11:31:01Z,40543243,https://api.github.com/repos/JimmyTheCool/HOTS-03/actions/artifacts/11302366737/zip,download-or-scan-failed,HTTP Error 415: Unsupported Media Type
artifact,HOTS-v7-group-29,11301832568,2026-10-04T11:30:35Z,33457852,https://api.github.com/repos/JimmyTheCool/HOTS-03/actions/artifacts/11301832568/zip,download-or-scan-failed,HTTP Error 415: Unsupported Media Type
artifact,HOTS-v7-group-24,11301807659,2026-10-04T11:30:21Z,46764546,https://api.github.com/repos/JimmyTheCool/HOTS-03/actions/artifacts/11301807659/zip,download-or-scan-failed,HTTP Error 415: Unsupported Media Type
artifact,HOTS-v7-group-13,11301652181,2026-10-04T11:29:59Z,46349921,https://api.github.com/repos/JimmyTheCool/HOTS-03/actions/artifacts/11301652181/zip,download-or-scan-failed,HTTP Error 415: Unsupported Media Type
artifact,HOTS-v7-group-18,11301767733,2026-10-04T11:29:41Z,36184476,https://api.github.com/repos/JimmyTheCool/HOTS-03/actions/artifacts/11301767733/zip,download-or-scan-failed,HTTP Error 415: Unsupported Media Type
artifact,HOTS-v7-group-19,11302780360,2026-10-04T11:29:16Z,27484075,https://api.github.com/repos/JimmyTheCool/HOTS-03/actions/artifacts/11302780360/zip,download-or-scan-failed,HTTP Error 415: Unsupported Media Type
artifact,HOTS-v7-group-12,11302326540,2026-10-04T11:29:04Z,53954761,https://api.github.com/repos/JimmyTheCool/HOTS-03/actions/artifacts/11302326540/zip,download-or-scan-failed,HTTP Error 415: Unsupported Media Type
artifact,HOTS-v7-group-20,11302331541,2026-10-04T11:28:59Z,29698792,https://api.github.com/repos/JimmyTheCool/HOTS-03/actions/artifacts/11302331541/zip,download-or-scan-failed,HTTP Error 415: Unsupported Media Type
artifact,HOTS-v7-group-7,11302765352,2026-10-04T11:28:57Z,64633603,https://api.github.com/repos/JimmyTheCool/HOTS-03/actions/artifacts/11302765352/zip,download-or-scan-failed,HTTP Error 415: Unsupported Media Type
artifact,HOTS-v7-group-5,11302041070,2026-10-04T11:27:57Z,51754588,https://api.github.com/repos/JimmyTheCool/HOTS-03/actions/artifacts/11302041070/zip,download-or-scan-failed,HTTP Error 415: Unsupported Media Type
artifact,HOTS-v7-group-15,11302110957,2026-10-04T11:27:56Z,43432575,https://api.github.com/repos/JimmyTheCool/HOTS-03/actions/artifacts/11302110957/zip,download-or-scan-failed,HTTP Error 415: Unsupported Media Type
artifact,HOTS-v7-group-8,11302665797,2026-10-04T11:27:43Z,56349715,https://api.github.com/repos/JimmyTheCool/HOTS-03/actions/artifacts/11302665797/zip,download-or-scan-failed,HTTP Error 415: Unsupported Media Type
artifact,HOTS-v7-group-17,11302521131,2026-10-04T11:27:42Z,45570539,https://api.github.com/repos/JimmyTheCool/HOTS-03/actions/artifacts/11302521131/zip,download-or-scan-failed,HTTP Error 415: Unsupported Media Type
artifact,HOTS-v7-group-4,11302475483,2026-10-04T11:27:21Z,57053487,https://api.github.com/repos/JimmyTheCool/HOTS-03/actions/artifacts/11302475483/zip,download-or-scan-failed,HTTP Error 415: Unsupported Media Type
artifact,HOTS-v7-group-14,11302665747,2026-10-04T11:27:13Z,31049309,https://api.github.com/repos/JimmyTheCool/HOTS-03/actions/artifacts/11302665747/zip,download-or-scan-failed,HTTP Error 415: Unsupported Media Type
artifact,HOTS-v7-group-3,11302276477,2026-10-04T11:26:47Z,46796898,https://api.github.com/repos/JimmyTheCool/HOTS-03/actions/artifacts/11302276477/zip,download-or-scan-failed,HTTP Error 415: Unsupported Media Type
artifact,HOTS-v7-group-1,11301706576,2026-10-04T11:26:46Z,44912215,https://api.github.com/repos/JimmyTheCool/HOTS-03/actions/artifacts/11301706576/zip,download-or-scan-failed,HTTP Error 415: Unsupported Media Type
artifact,HOTS-v7-group-16,11301846277,2026-10-04T11:26:42Z,31305902,https://api.github.com/repos/JimmyTheCool/HOTS-03/actions/artifacts/11301846277/zip,download-or-scan-failed,HTTP Error 415: Unsupported Media Type
artifact,HOTS-v7-group-11,11301862005,2026-10-04T11:25:46Z,44153038,https://api.github.com/repos/JimmyTheCool/HOTS-03/actions/artifacts/11301862005/zip,download-or-scan-failed,HTTP Error 415: Unsupported Media Type
artifact,HOTS-v7-group-6,11302336224,2026-10-04T11:25:29Z,47652115,https://api.github.com/repos/JimmyTheCool/HOTS-03/actions/artifacts/11302336224/zip,download-or-scan-failed,HTTP Error 415: Unsupported Media Type
artifact,HOTS-v7-group-2,11302600731,2026-10-04T11:25:09Z,42534351,https://api.github.com/repos/JimmyTheCool/HOTS-03/actions/artifacts/11302600731/zip,download-or-scan-failed,HTTP Error 415: Unsupported Media Type
artifact,HOTS-v7-group-10,11301651793,2026-10-04T11:24:47Z,49332767,https://api.github.com/repos/JimmyTheCool/HOTS-03/actions/artifacts/11301651793/zip,download-or-scan-failed,HTTP Error 415: Unsupported Media Type
artifact,HOTS-face-connected-repair-test,11300496961,2026-10-04T10:27:09Z,61398046,https://api.github.com/repos/JimmyTheCool/HOTS-03/actions/artifacts/11300496961/zip,download-or-scan-failed,HTTP Error 415: Unsupported Media Type
artifact,HOTS-repair-sample-r3,11299889058,2026-10-04T10:10:04Z,46334382,https://api.github.com/repos/JimmyTheCool/HOTS-03/actions/artifacts/11299889058/zip,download-or-scan-failed,HTTP Error 415: Unsupported Media Type
artifact,HOTS-repair-sample-r2,11300366784,2026-10-04T10:02:10Z,13029948,https://api.github.com/repos/JimmyTheCool/HOTS-03/actions/artifacts/11300366784/zip,download-or-scan-failed,HTTP Error 415: Unsupported Media Type
artifact,HOTS-repair-sample,11300366203,2026-10-04T09:56:02Z,35584362,https://api.github.com/repos/JimmyTheCool/HOTS-03/actions/artifacts/11300366203/zip,download-or-scan-failed,HTTP Error 415: Unsupported Media Type
artifact,HOTS-postrepair-experiment,11300226442,2026-10-04T09:50:58Z,28370,https://api.github.com/repos/JimmyTheCool/HOTS-03/actions/artifacts/11300226442/zip,download-or-scan-failed,HTTP Error 415: Unsupported Media Type
artifact,HOTS-v3-chunk-2,11299842432,2026-10-04T09:52:04Z,276538240,https://api.github.com/repos/JimmyTheCool/HOTS-03/actions/artifacts/11299842432/zip,download-or-scan-failed,HTTP Error 415: Unsupported Media Type
artifact,HOTS-v3-chunk-1,11299174367,2026-10-04T09:51:36Z,259295645,https://api.github.com/repos/JimmyTheCool/HOTS-03/actions/artifacts/11299174367/zip,download-or-scan-failed,HTTP Error 415: Unsupported Media Type
artifact,HOTS-v3-chunk-5,11299503787,2026-10-04T09:51:28Z,289806865,https://api.github.com/repos/JimmyTheCool/HOTS-03/actions/artifacts/11299503787/zip,download-or-scan-failed,HTTP Error 415: Unsupported Media Type
artifact,HOTS-v3-chunk-6,11299986996,2026-10-04T09:50:56Z,241434381,https://api.github.com/repos/JimmyTheCool/HOTS-03/actions/artifacts/11299986996/zip,download-or-scan-failed,HTTP Error 415: Unsupported Media Type
artifact,HOTS-v3-chunk-3,11299438741,2026-10-04T09:50:21Z,230746868,https://api.github.com/repos/JimmyTheCool/HOTS-03/actions/artifacts/11299438741/zip,download-or-scan-failed,HTTP Error 415: Unsupported Media Type
artifact,HOTS-v3-chunk-4,11300355523,2026-10-04T09:49:19Z,176235867,https://api.github.com/repos/JimmyTheCool/HOTS-03/actions/artifacts/11300355523/zip,download-or-scan-failed,HTTP Error 415: Unsupported Media Type
artifact,HOTS-v2-smoke-r4,11300021376,2026-10-04T09:44:45Z,14891,https://api.github.com/repos/JimmyTheCool/HOTS-03/actions/artifacts/11300021376/zip,download-or-scan-failed,HTTP Error 415: Unsupported Media Type
artifact,HOTS-mesh-filter-smoke,11299243798,2026-10-04T09:45:41Z,8321,https://api.github.com/repos/JimmyTheCool/HOTS-03/actions/artifacts/11299243798/zip,download-or-scan-failed,HTTP Error 415: Unsupported Media Type
artifact,HOTS_STL_SMOKE_TEST.zip,11298774375,2026-10-04T09:22:21Z,67131102,https://api.github.com/repos/JimmyTheCool/HOTS-03/actions/artifacts/11298774375/zip,download-or-scan-failed,HTTP Error 415: Unsupported Media Type
artifact,HOTS_STL_SMOKE_TEST.zip,11299285184,2026-10-04T08:54:57Z,67145314,https://api.github.com/repos/JimmyTheCool/HOTS-03/actions/artifacts/11299285184/zip,download-or-scan-failed,HTTP Error 415: Unsupported Media Type
artifact,HOTS_STL_SMOKE_TEST.zip,11298985167,2026-10-04T08:44:35Z,14698003,https://api.github.com/repos/JimmyTheCool/HOTS-03/actions/artifacts/11298985167/zip,download-or-scan-failed,HTTP Error 415: Unsupported Media Type
artifact,HOTS_STL_SMOKE_TEST.zip,11297658857,2026-10-04T08:41:20Z,14697936,https://api.github.com/repos/JimmyTheCool/HOTS-03/actions/artifacts/11297658857/zip,download-or-scan-failed,HTTP Error 415: Unsupported Media Type
artifact,r2-c-2,11299791401,2026-10-04T09:39:25Z,276517592,https://api.github.com/repos/JimmyTheCool/HOTS-03/actions/artifacts/11299791401/zip,download-or-scan-failed,HTTP Error 415: Unsupported Media Type
artifact,r2-c-5,11299995655,2026-10-04T09:38:45Z,289785049,https://api.github.com/repos/JimmyTheCool/HOTS-03/actions/artifacts/11299995655/zip,download-or-scan-failed,HTTP Error 415: Unsupported Media Type
artifact,c-2,11299815635,2026-10-04T09:33:48Z,276517869,https://api.github.com/repos/JimmyTheCool/HOTS-03/actions/artifacts/11299815635/zip,download-or-scan-failed,HTTP Error 415: Unsupported Media Type
release,hots-stl-smoke-4-1__HOTS_STL_SMOKE_TEST.zip,609521430,2026-10-04T09:22:26Z,67130666,https://github.com/JimmyTheCool/HOTS-03/releases/download/hots-stl-smoke-4-1/HOTS_STL_SMOKE_TEST.zip,scanned,
release,hots-stl-smoke-3-1__HOTS_STL_SMOKE_TEST.zip,609481857,2026-10-04T08:55:01Z,67144878,https://github.com/JimmyTheCool/HOTS-03/releases/download/hots-stl-smoke-3-1/HOTS_STL_SMOKE_TEST.zip,scanned,
release,hots-stl-smoke-2-1__HOTS_STL_SMOKE_TEST.zip,609468105,2026-10-04T08:44:38Z,14697567,https://github.com/JimmyTheCool/HOTS-03/releases/download/hots-stl-smoke-2-1/HOTS_STL_SMOKE_TEST.zip,scanned,
release,hots-stl-smoke-1-1__HOTS_STL_SMOKE_TEST.zip,609463418,2026-10-04T08:41:24Z,14697500,https://github.com/JimmyTheCool/HOTS-03/releases/download/hots-stl-smoke-1-1/HOTS_STL_SMOKE_TEST.zip,scanned,
