id	name	size_in_bytes	expired	created_at	updated_at	workflow_run_id	archive_download_url
11306215400	HOTS_STL_Download_URL	262	false	2026-10-04T14:29:05Z	2026-10-04T14:29:05Z	37209372121	https://api.github.com/repos/JimmyTheCool/HOTS-03/actions/artifacts/11306215400/zip
11304854512	HOTS_STL_Files_Created_So_Far	67265086	false	2026-10-04T14:28:58Z	2026-10-04T14:28:58Z	37209372121	https://api.github.com/repos/JimmyTheCool/HOTS-03/actions/artifacts/11304854512/zip
11302825015	HOTS-v8-group-17	210450083	false	2026-10-04T11:41:31Z	2026-10-04T11:41:31Z	37199157100	https://api.github.com/repos/JimmyTheCool/HOTS-03/actions/artifacts/11302825015/zip
11302800472	HOTS-v8-group-12	164119900	false	2026-10-04T11:38:58Z	2026-10-04T11:38:58Z	37199157100	https://api.github.com/repos/JimmyTheCool/HOTS-03/actions/artifacts/11302800472/zip
11302780360	HOTS-v7-group-19	27484075	false	2026-10-04T11:29:16Z	2026-10-04T11:29:16Z	37198554829	https://api.github.com/repos/JimmyTheCool/HOTS-03/actions/artifacts/11302780360/zip
11302776477	HOTS-v8-group-13	169867710	false	2026-10-04T11:40:24Z	2026-10-04T11:40:24Z	37199157100	https://api.github.com/repos/JimmyTheCool/HOTS-03/actions/artifacts/11302776477/zip
11302765352	HOTS-v7-group-7	64633603	false	2026-10-04T11:28:57Z	2026-10-04T11:28:57Z	37198554829	https://api.github.com/repos/JimmyTheCool/HOTS-03/actions/artifacts/11302765352/zip
11302731282	HOTS-v8-group-23	136632215	false	2026-10-04T11:44:45Z	2026-10-04T11:44:45Z	37199157100	https://api.github.com/repos/JimmyTheCool/HOTS-03/actions/artifacts/11302731282/zip
11302705414	HOTS-v7-group-31	9758204	false	2026-10-04T11:31:03Z	2026-10-04T11:31:03Z	37198554829	https://api.github.com/repos/JimmyTheCool/HOTS-03/actions/artifacts/11302705414/zip
11302672287	HOTS-v8-group-20	88238901	false	2026-10-04T11:41:20Z	2026-10-04T11:41:20Z	37199157100	https://api.github.com/repos/JimmyTheCool/HOTS-03/actions/artifacts/11302672287/zip
11302672278	HOTS-v8-rescue-Garrosh	59756048	false	2026-10-04T11:41:15Z	2026-10-04T11:41:15Z	37199448751	https://api.github.com/repos/JimmyTheCool/HOTS-03/actions/artifacts/11302672278/zip
11302665797	HOTS-v7-group-8	56349715	false	2026-10-04T11:27:43Z	2026-10-04T11:27:43Z	37198554829	https://api.github.com/repos/JimmyTheCool/HOTS-03/actions/artifacts/11302665797/zip
11302665747	HOTS-v7-group-14	31049309	false	2026-10-04T11:27:13Z	2026-10-04T11:27:13Z	37198554829	https://api.github.com/repos/JimmyTheCool/HOTS-03/actions/artifacts/11302665747/zip
11302605396	HOTS-v6-fixed-chunk-3	219087782	false	2026-10-04T11:21:54Z	2026-10-04T11:21:54Z	37197433268	https://api.github.com/repos/JimmyTheCool/HOTS-03/actions/artifacts/11302605396/zip
11302600731	HOTS-v7-group-2	42534351	false	2026-10-04T11:25:09Z	2026-10-04T11:25:09Z	37198554829	https://api.github.com/repos/JimmyTheCool/HOTS-03/actions/artifacts/11302600731/zip
11302576533	HOTS-v7-group-25	39144269	false	2026-10-04T11:32:08Z	2026-10-04T11:32:08Z	37198554829	https://api.github.com/repos/JimmyTheCool/HOTS-03/actions/artifacts/11302576533/zip
11302566819	HOTS-v8-group-30	176524734	false	2026-10-04T11:47:27Z	2026-10-04T11:47:27Z	37199157100	https://api.github.com/repos/JimmyTheCool/HOTS-03/actions/artifacts/11302566819/zip
11302548246	HOTS-v8-group-27	229175282	false	2026-10-04T11:49:55Z	2026-10-04T11:49:55Z	37199157100	https://api.github.com/repos/JimmyTheCool/HOTS-03/actions/artifacts/11302548246/zip
11302546971	HOTS-v8-group-2	129006526	false	2026-10-04T11:36:31Z	2026-10-04T11:36:31Z	37199157100	https://api.github.com/repos/JimmyTheCool/HOTS-03/actions/artifacts/11302546971/zip
11302521131	HOTS-v7-group-17	45570539	false	2026-10-04T11:27:42Z	2026-10-04T11:27:42Z	37198554829	https://api.github.com/repos/JimmyTheCool/HOTS-03/actions/artifacts/11302521131/zip
11302517759	HOTS-v8-group-31	30941145	false	2026-10-04T11:43:34Z	2026-10-04T11:43:34Z	37199157100	https://api.github.com/repos/JimmyTheCool/HOTS-03/actions/artifacts/11302517759/zip
11302513209	HOTS-v8-group-22	208027421	false	2026-10-04T11:47:04Z	2026-10-04T11:47:04Z	37199157100	https://api.github.com/repos/JimmyTheCool/HOTS-03/actions/artifacts/11302513209/zip
11302512573	HOTS-v8-group-14	186129798	false	2026-10-04T11:40:41Z	2026-10-04T11:40:41Z	37199157100	https://api.github.com/repos/JimmyTheCool/HOTS-03/actions/artifacts/11302512573/zip
11302497460	HOTS-v8-group-18	188700083	false	2026-10-04T11:41:58Z	2026-10-04T11:41:58Z	37199157100	https://api.github.com/repos/JimmyTheCool/HOTS-03/actions/artifacts/11302497460/zip
11302492391	HOTS-v8-group-8	198812604	false	2026-10-04T11:39:59Z	2026-10-04T11:39:59Z	37199157100	https://api.github.com/repos/JimmyTheCool/HOTS-03/actions/artifacts/11302492391/zip
11302475483	HOTS-v7-group-4	57053487	false	2026-10-04T11:27:21Z	2026-10-04T11:27:21Z	37198554829	https://api.github.com/repos/JimmyTheCool/HOTS-03/actions/artifacts/11302475483/zip
11302441478	HOTS-v8-group-4	172220664	false	2026-10-04T11:38:27Z	2026-10-04T11:38:27Z	37199157100	https://api.github.com/repos/JimmyTheCool/HOTS-03/actions/artifacts/11302441478/zip
11302426173	HOTS-v8-group-6	144209446	false	2026-10-04T11:35:35Z	2026-10-04T11:35:35Z	37199157100	https://api.github.com/repos/JimmyTheCool/HOTS-03/actions/artifacts/11302426173/zip
11302396850	HOTS-v7-group-28	37667646	false	2026-10-04T11:31:53Z	2026-10-04T11:31:53Z	37198554829	https://api.github.com/repos/JimmyTheCool/HOTS-03/actions/artifacts/11302396850/zip
11302391844	HOTS-v7-group-22	11967117	false	2026-10-04T11:31:32Z	2026-10-04T11:31:32Z	37198554829	https://api.github.com/repos/JimmyTheCool/HOTS-03/actions/artifacts/11302391844/zip
11302371764	HOTS-v7-group-30	6338	false	2026-10-04T11:32:08Z	2026-10-04T11:32:08Z	37198554829	https://api.github.com/repos/JimmyTheCool/HOTS-03/actions/artifacts/11302371764/zip
11302367674	HOTS-v8-group-10	273647668	false	2026-10-04T11:39:57Z	2026-10-04T11:39:57Z	37199157100	https://api.github.com/repos/JimmyTheCool/HOTS-03/actions/artifacts/11302367674/zip
11302366737	HOTS-v7-group-26	40543243	false	2026-10-04T11:31:01Z	2026-10-04T11:31:01Z	37198554829	https://api.github.com/repos/JimmyTheCool/HOTS-03/actions/artifacts/11302366737/zip
11302342876	HOTS-v8-group-11	240183575	false	2026-10-04T11:41:13Z	2026-10-04T11:41:13Z	37199157100	https://api.github.com/repos/JimmyTheCool/HOTS-03/actions/artifacts/11302342876/zip
11302336224	HOTS-v7-group-6	47652115	false	2026-10-04T11:25:29Z	2026-10-04T11:25:29Z	37198554829	https://api.github.com/repos/JimmyTheCool/HOTS-03/actions/artifacts/11302336224/zip
11302333352	HOTS-v8-group-25	198683502	false	2026-10-04T11:47:16Z	2026-10-04T11:47:16Z	37199157100	https://api.github.com/repos/JimmyTheCool/HOTS-03/actions/artifacts/11302333352/zip
11302331541	HOTS-v7-group-20	29698792	false	2026-10-04T11:28:59Z	2026-10-04T11:28:59Z	37198554829	https://api.github.com/repos/JimmyTheCool/HOTS-03/actions/artifacts/11302331541/zip
11302326540	HOTS-v7-group-12	53954761	false	2026-10-04T11:29:04Z	2026-10-04T11:29:04Z	37198554829	https://api.github.com/repos/JimmyTheCool/HOTS-03/actions/artifacts/11302326540/zip
11302276477	HOTS-v7-group-3	46796898	false	2026-10-04T11:26:47Z	2026-10-04T11:26:47Z	37198554829	https://api.github.com/repos/JimmyTheCool/HOTS-03/actions/artifacts/11302276477/zip
11302263148	HOTS-v8-group-15	236489970	false	2026-10-04T11:42:20Z	2026-10-04T11:42:20Z	37199157100	https://api.github.com/repos/JimmyTheCool/HOTS-03/actions/artifacts/11302263148/zip
11302120606	HOTS-v6-fixed-chunk-6	219838771	false	2026-10-04T11:21:47Z	2026-10-04T11:21:47Z	37197433268	https://api.github.com/repos/JimmyTheCool/HOTS-03/actions/artifacts/11302120606/zip
11302110957	HOTS-v7-group-15	43432575	false	2026-10-04T11:27:56Z	2026-10-04T11:27:56Z	37198554829	https://api.github.com/repos/JimmyTheCool/HOTS-03/actions/artifacts/11302110957/zip
11302098028	HOTS-v8-rescue-Gall	27519994	false	2026-10-04T11:39:57Z	2026-10-04T11:39:57Z	37199448751	https://api.github.com/repos/JimmyTheCool/HOTS-03/actions/artifacts/11302098028/zip
11302088825	HOTS-v8-group-21	202357347	false	2026-10-04T11:48:40Z	2026-10-04T11:48:40Z	37199157100	https://api.github.com/repos/JimmyTheCool/HOTS-03/actions/artifacts/11302088825/zip
11302041070	HOTS-v7-group-5	51754588	false	2026-10-04T11:27:57Z	2026-10-04T11:27:57Z	37198554829	https://api.github.com/repos/JimmyTheCool/HOTS-03/actions/artifacts/11302041070/zip
11302032386	HOTS-v8-group-28	148520621	false	2026-10-04T11:45:55Z	2026-10-04T11:45:55Z	37199157100	https://api.github.com/repos/JimmyTheCool/HOTS-03/actions/artifacts/11302032386/zip
11302031352	HOTS-v7-group-23	13329324	false	2026-10-04T11:31:49Z	2026-10-04T11:31:49Z	37198554829	https://api.github.com/repos/JimmyTheCool/HOTS-03/actions/artifacts/11302031352/zip
11301967958	HOTS-v8-group-3	143318990	false	2026-10-04T11:37:46Z	2026-10-04T11:37:46Z	37199157100	https://api.github.com/repos/JimmyTheCool/HOTS-03/actions/artifacts/11301967958/zip
11301946645	HOTS-v7-group-21	42233101	false	2026-10-04T11:32:44Z	2026-10-04T11:32:44Z	37198554829	https://api.github.com/repos/JimmyTheCool/HOTS-03/actions/artifacts/11301946645/zip
11301903216	HOTS-v8-group-1	170658245	false	2026-10-04T11:37:56Z	2026-10-04T11:37:56Z	37199157100	https://api.github.com/repos/JimmyTheCool/HOTS-03/actions/artifacts/11301903216/zip
11301862005	HOTS-v7-group-11	44153038	false	2026-10-04T11:25:46Z	2026-10-04T11:25:46Z	37198554829	https://api.github.com/repos/JimmyTheCool/HOTS-03/actions/artifacts/11301862005/zip
11301846277	HOTS-v7-group-16	31305902	false	2026-10-04T11:26:42Z	2026-10-04T11:26:42Z	37198554829	https://api.github.com/repos/JimmyTheCool/HOTS-03/actions/artifacts/11301846277/zip
11301837763	HOTS-v7-group-27	21075342	false	2026-10-04T11:31:58Z	2026-10-04T11:31:58Z	37198554829	https://api.github.com/repos/JimmyTheCool/HOTS-03/actions/artifacts/11301837763/zip
11301832568	HOTS-v7-group-29	33457852	false	2026-10-04T11:30:35Z	2026-10-04T11:30:35Z	37198554829	https://api.github.com/repos/JimmyTheCool/HOTS-03/actions/artifacts/11301832568/zip
11301812597	HOTS-v8-group-29	164371662	false	2026-10-04T11:44:54Z	2026-10-04T11:44:54Z	37199157100	https://api.github.com/repos/JimmyTheCool/HOTS-03/actions/artifacts/11301812597/zip
11301807659	HOTS-v7-group-24	46764546	false	2026-10-04T11:30:21Z	2026-10-04T11:30:21Z	37198554829	https://api.github.com/repos/JimmyTheCool/HOTS-03/actions/artifacts/11301807659/zip
11301768781	HOTS-v8-group-16	126357940	false	2026-10-04T11:39:54Z	2026-10-04T11:39:54Z	37199157100	https://api.github.com/repos/JimmyTheCool/HOTS-03/actions/artifacts/11301768781/zip
11301768704	HOTS-v8-group-7	195133149	false	2026-10-04T11:39:13Z	2026-10-04T11:39:13Z	37199157100	https://api.github.com/repos/JimmyTheCool/HOTS-03/actions/artifacts/11301768704/zip
11301767733	HOTS-v7-group-18	36184476	false	2026-10-04T11:29:41Z	2026-10-04T11:29:41Z	37198554829	https://api.github.com/repos/JimmyTheCool/HOTS-03/actions/artifacts/11301767733/zip
11301762261	HOTS-v6-fixed-chunk-5	125466697	false	2026-10-04T11:24:26Z	2026-10-04T11:24:26Z	37197433268	https://api.github.com/repos/JimmyTheCool/HOTS-03/actions/artifacts/11301762261/zip
11301747435	HOTS-v8-group-5	184281478	false	2026-10-04T11:40:27Z	2026-10-04T11:40:27Z	37199157100	https://api.github.com/repos/JimmyTheCool/HOTS-03/actions/artifacts/11301747435/zip
11301737773	HOTS-v8-group-24	141283764	false	2026-10-04T11:43:11Z	2026-10-04T11:43:11Z	37199157100	https://api.github.com/repos/JimmyTheCool/HOTS-03/actions/artifacts/11301737773/zip
11301727608	HOTS-v8-group-19	148830488	false	2026-10-04T11:42:01Z	2026-10-04T11:42:01Z	37199157100	https://api.github.com/repos/JimmyTheCool/HOTS-03/actions/artifacts/11301727608/zip
11301706576	HOTS-v7-group-1	44912215	false	2026-10-04T11:26:46Z	2026-10-04T11:26:46Z	37198554829	https://api.github.com/repos/JimmyTheCool/HOTS-03/actions/artifacts/11301706576/zip
11301671370	HOTS-v6-fixed-chunk-1	243211310	false	2026-10-04T11:22:10Z	2026-10-04T11:22:10Z	37197433268	https://api.github.com/repos/JimmyTheCool/HOTS-03/actions/artifacts/11301671370/zip
11301653202	HOTS-v8-group-26	122760238	false	2026-10-04T11:44:02Z	2026-10-04T11:44:02Z	37199157100	https://api.github.com/repos/JimmyTheCool/HOTS-03/actions/artifacts/11301653202/zip
11301652181	HOTS-v7-group-13	46349921	false	2026-10-04T11:29:59Z	2026-10-04T11:29:59Z	37198554829	https://api.github.com/repos/JimmyTheCool/HOTS-03/actions/artifacts/11301652181/zip
11301651793	HOTS-v7-group-10	49332767	false	2026-10-04T11:24:47Z	2026-10-04T11:24:47Z	37198554829	https://api.github.com/repos/JimmyTheCool/HOTS-03/actions/artifacts/11301651793/zip
11301544041	HOTS-v6-fixed-chunk-4	170406835	false	2026-10-04T11:13:43Z	2026-10-04T11:13:43Z	37197433268	https://api.github.com/repos/JimmyTheCool/HOTS-03/actions/artifacts/11301544041/zip
11300910647	HOTS-v4-repaired-chunk-1	125786842	false	2026-10-04T10:19:47Z	2026-10-04T10:19:47Z	37194057863	https://api.github.com/repos/JimmyTheCool/HOTS-03/actions/artifacts/11300910647/zip
11300886908	HOTS-v5-fixed-chunk-5	214144159	false	2026-10-04T10:41:42Z	2026-10-04T10:41:42Z	37194356843	https://api.github.com/repos/JimmyTheCool/HOTS-03/actions/artifacts/11300886908/zip
11300826911	HOTS-v4-repaired-chunk-5	186918997	false	2026-10-04T10:28:13Z	2026-10-04T10:28:13Z	37194057863	https://api.github.com/repos/JimmyTheCool/HOTS-03/actions/artifacts/11300826911/zip
11300666496	HOTS-v5-fixed-chunk-3	147803301	false	2026-10-04T10:26:12Z	2026-10-04T10:26:12Z	37194356843	https://api.github.com/repos/JimmyTheCool/HOTS-03/actions/artifacts/11300666496/zip
11300496961	HOTS-face-connected-repair-test	61398046	false	2026-10-04T10:27:09Z	2026-10-04T10:27:09Z	37195176440	https://api.github.com/repos/JimmyTheCool/HOTS-03/actions/artifacts/11300496961/zip
11300467168	HOTS-v5-fixed-chunk-1	225106160	false	2026-10-04T10:28:13Z	2026-10-04T10:28:13Z	37194356843	https://api.github.com/repos/JimmyTheCool/HOTS-03/actions/artifacts/11300467168/zip
11300437837	HOTS-v5-fixed-chunk-6	169083331	false	2026-10-04T10:34:30Z	2026-10-04T10:34:30Z	37194356843	https://api.github.com/repos/JimmyTheCool/HOTS-03/actions/artifacts/11300437837/zip
11300368255	HOTS-v5-fixed-chunk-4	141072165	false	2026-10-04T10:16:51Z	2026-10-04T10:16:51Z	37194356843	https://api.github.com/repos/JimmyTheCool/HOTS-03/actions/artifacts/11300368255/zip
11300366784	HOTS-repair-sample-r2	13029948	false	2026-10-04T10:02:10Z	2026-10-04T10:02:10Z	37193881671	https://api.github.com/repos/JimmyTheCool/HOTS-03/actions/artifacts/11300366784/zip
11300366203	HOTS-repair-sample	35584362	false	2026-10-04T09:56:02Z	2026-10-04T09:56:02Z	37193595959	https://api.github.com/repos/JimmyTheCool/HOTS-03/actions/artifacts/11300366203/zip
11300358604	HOTS-v4-repaired-chunk-3	104812164	false	2026-10-04T10:20:27Z	2026-10-04T10:20:27Z	37194057863	https://api.github.com/repos/JimmyTheCool/HOTS-03/actions/artifacts/11300358604/zip
11300355523	HOTS-v3-chunk-4	176235867	false	2026-10-04T09:49:19Z	2026-10-04T09:49:19Z	37193141976	https://api.github.com/repos/JimmyTheCool/HOTS-03/actions/artifacts/11300355523/zip
11300274592	HOTS-v4-repaired-chunk-6	143207526	false	2026-10-04T10:23:57Z	2026-10-04T10:23:57Z	37194057863	https://api.github.com/repos/JimmyTheCool/HOTS-03/actions/artifacts/11300274592/zip
11300226442	HOTS-postrepair-experiment	28370	false	2026-10-04T09:50:58Z	2026-10-04T09:50:58Z	37193348544	https://api.github.com/repos/JimmyTheCool/HOTS-03/actions/artifacts/11300226442/zip
11300158427	HOTS-v4-repaired-chunk-4	106178240	false	2026-10-04T10:11:33Z	2026-10-04T10:11:33Z	37194057863	https://api.github.com/repos/JimmyTheCool/HOTS-03/actions/artifacts/11300158427/zip
11300021376	HOTS-v2-smoke-r4	14891	false	2026-10-04T09:44:45Z	2026-10-04T09:44:45Z	37192832023	https://api.github.com/repos/JimmyTheCool/HOTS-03/actions/artifacts/11300021376/zip
11299995655	r2-c-5	289785049	false	2026-10-04T09:38:45Z	2026-10-04T09:38:45Z	37192482532	https://api.github.com/repos/JimmyTheCool/HOTS-03/actions/artifacts/11299995655/zip
11299986996	HOTS-v3-chunk-6	241434381	false	2026-10-04T09:50:56Z	2026-10-04T09:50:56Z	37193141976	https://api.github.com/repos/JimmyTheCool/HOTS-03/actions/artifacts/11299986996/zip
11299889058	HOTS-repair-sample-r3	46334382	false	2026-10-04T10:10:04Z	2026-10-04T10:10:04Z	37194196530	https://api.github.com/repos/JimmyTheCool/HOTS-03/actions/artifacts/11299889058/zip
11299842432	HOTS-v3-chunk-2	276538240	false	2026-10-04T09:52:04Z	2026-10-04T09:52:04Z	37193141976	https://api.github.com/repos/JimmyTheCool/HOTS-03/actions/artifacts/11299842432/zip
11299815635	c-2	276517869	false	2026-10-04T09:33:48Z	2026-10-04T09:33:48Z	37192158358	https://api.github.com/repos/JimmyTheCool/HOTS-03/actions/artifacts/11299815635/zip
11299791401	r2-c-2	276517592	false	2026-10-04T09:39:25Z	2026-10-04T09:39:25Z	37192482532	https://api.github.com/repos/JimmyTheCool/HOTS-03/actions/artifacts/11299791401/zip
11299503787	HOTS-v3-chunk-5	289806865	false	2026-10-04T09:51:28Z	2026-10-04T09:51:28Z	37193141976	https://api.github.com/repos/JimmyTheCool/HOTS-03/actions/artifacts/11299503787/zip
11299438741	HOTS-v3-chunk-3	230746868	false	2026-10-04T09:50:21Z	2026-10-04T09:50:21Z	37193141976	https://api.github.com/repos/JimmyTheCool/HOTS-03/actions/artifacts/11299438741/zip
11299285184	HOTS_STL_SMOKE_TEST.zip	67145314	false	2026-10-04T08:54:57Z	2026-10-04T08:54:57Z	37190208420	https://api.github.com/repos/JimmyTheCool/HOTS-03/actions/artifacts/11299285184/zip
11299243798	HOTS-mesh-filter-smoke	8321	false	2026-10-04T09:45:41Z	2026-10-04T09:45:41Z	37193038442	https://api.github.com/repos/JimmyTheCool/HOTS-03/actions/artifacts/11299243798/zip
11299174367	HOTS-v3-chunk-1	259295645	false	2026-10-04T09:51:36Z	2026-10-04T09:51:36Z	37193141976	https://api.github.com/repos/JimmyTheCool/HOTS-03/actions/artifacts/11299174367/zip
11298985167	HOTS_STL_SMOKE_TEST.zip	14698003	false	2026-10-04T08:44:35Z	2026-10-04T08:44:35Z	37189807829	https://api.github.com/repos/JimmyTheCool/HOTS-03/actions/artifacts/11298985167/zip
11298774375	HOTS_STL_SMOKE_TEST.zip	67131102	false	2026-10-04T09:22:21Z	2026-10-04T09:22:21Z	37191732176	https://api.github.com/repos/JimmyTheCool/HOTS-03/actions/artifacts/11298774375/zip
11297658857	HOTS_STL_SMOKE_TEST.zip	14697936	false	2026-10-04T08:41:20Z	2026-10-04T08:41:20Z	37189636291	https://api.github.com/repos/JimmyTheCool/HOTS-03/actions/artifacts/11297658857/zip
