403057012	hots-stls-created-so-far-37209372121	2026-10-04T14:29:04Z	609988427	HOTS_STL_Files_Created_So_Far.zip	67203750	https://github.com/JimmyTheCool/HOTS-03/releases/download/hots-stls-created-so-far-37209372121/HOTS_STL_Files_Created_So_Far.zip
403057012	hots-stls-created-so-far-37209372121	2026-10-04T14:29:04Z	609988428	HOTS_STL_Files_Created_So_Far.zip.sha256	100	https://github.com/JimmyTheCool/HOTS-03/releases/download/hots-stls-created-so-far-37209372121/HOTS_STL_Files_Created_So_Far.zip.sha256
403057012	hots-stls-created-so-far-37209372121	2026-10-04T14:29:04Z	609988429	manifest.csv	1222	https://github.com/JimmyTheCool/HOTS-03/releases/download/hots-stls-created-so-far-37209372121/manifest.csv
403057012	hots-stls-created-so-far-37209372121	2026-10-04T14:29:04Z	609988426	manifest.json	40846	https://github.com/JimmyTheCool/HOTS-03/releases/download/hots-stls-created-so-far-37209372121/manifest.json
402939373	hots-stl-smoke-4-1	2026-10-04T09:22:26Z	609521453	base_mesh_index.tsv	5880	https://github.com/JimmyTheCool/HOTS-03/releases/download/hots-stl-smoke-4-1/base_mesh_index.tsv
402939373	hots-stl-smoke-4-1	2026-10-04T09:22:26Z	609521429	blender_build.log	4931	https://github.com/JimmyTheCool/HOTS-03/releases/download/hots-stl-smoke-4-1/blender_build.log
402939373	hots-stl-smoke-4-1	2026-10-04T09:22:26Z	609521430	HOTS_STL_SMOKE_TEST.zip	67130666	https://github.com/JimmyTheCool/HOTS-03/releases/download/hots-stl-smoke-4-1/HOTS_STL_SMOKE_TEST.zip
402939373	hots-stl-smoke-4-1	2026-10-04T09:22:26Z	609521434	HOTS_STL_SMOKE_TEST.zip.sha256	124	https://github.com/JimmyTheCool/HOTS-03/releases/download/hots-stl-smoke-4-1/HOTS_STL_SMOKE_TEST.zip.sha256
402939373	hots-stl-smoke-4-1	2026-10-04T09:22:26Z	609521432	manifest.csv	1601	https://github.com/JimmyTheCool/HOTS-03/releases/download/hots-stl-smoke-4-1/manifest.csv
402939373	hots-stl-smoke-4-1	2026-10-04T09:22:26Z	609521433	manifest.json	23632	https://github.com/JimmyTheCool/HOTS-03/releases/download/hots-stl-smoke-4-1/manifest.json
402929829	hots-stl-smoke-3-1	2026-10-04T08:55:01Z	609481881	base_mesh_index.tsv	5880	https://github.com/JimmyTheCool/HOTS-03/releases/download/hots-stl-smoke-3-1/base_mesh_index.tsv
402929829	hots-stl-smoke-3-1	2026-10-04T08:55:01Z	609481860	blender_build.log	4931	https://github.com/JimmyTheCool/HOTS-03/releases/download/hots-stl-smoke-3-1/blender_build.log
402929829	hots-stl-smoke-3-1	2026-10-04T08:55:01Z	609481857	HOTS_STL_SMOKE_TEST.zip	67144878	https://github.com/JimmyTheCool/HOTS-03/releases/download/hots-stl-smoke-3-1/HOTS_STL_SMOKE_TEST.zip
402929829	hots-stl-smoke-3-1	2026-10-04T08:55:01Z	609481858	HOTS_STL_SMOKE_TEST.zip.sha256	124	https://github.com/JimmyTheCool/HOTS-03/releases/download/hots-stl-smoke-3-1/HOTS_STL_SMOKE_TEST.zip.sha256
402929829	hots-stl-smoke-3-1	2026-10-04T08:55:01Z	609481855	manifest.csv	1601	https://github.com/JimmyTheCool/HOTS-03/releases/download/hots-stl-smoke-3-1/manifest.csv
402929829	hots-stl-smoke-3-1	2026-10-04T08:55:01Z	609481862	manifest.json	23634	https://github.com/JimmyTheCool/HOTS-03/releases/download/hots-stl-smoke-3-1/manifest.json
402926658	hots-stl-smoke-2-1	2026-10-04T08:44:38Z	609468098	blender_build.log	3153	https://github.com/JimmyTheCool/HOTS-03/releases/download/hots-stl-smoke-2-1/blender_build.log
402926658	hots-stl-smoke-2-1	2026-10-04T08:44:38Z	609468105	HOTS_STL_SMOKE_TEST.zip	14697567	https://github.com/JimmyTheCool/HOTS-03/releases/download/hots-stl-smoke-2-1/HOTS_STL_SMOKE_TEST.zip
402926658	hots-stl-smoke-2-1	2026-10-04T08:44:38Z	609468101	HOTS_STL_SMOKE_TEST.zip.sha256	124	https://github.com/JimmyTheCool/HOTS-03/releases/download/hots-stl-smoke-2-1/HOTS_STL_SMOKE_TEST.zip.sha256
402926658	hots-stl-smoke-2-1	2026-10-04T08:44:38Z	609468099	manifest.csv	1206	https://github.com/JimmyTheCool/HOTS-03/releases/download/hots-stl-smoke-2-1/manifest.csv
402926658	hots-stl-smoke-2-1	2026-10-04T08:44:38Z	609468100	manifest.json	14850	https://github.com/JimmyTheCool/HOTS-03/releases/download/hots-stl-smoke-2-1/manifest.json
402925635	hots-stl-smoke-1-1	2026-10-04T08:41:24Z	609463423	blender_build.log	3153	https://github.com/JimmyTheCool/HOTS-03/releases/download/hots-stl-smoke-1-1/blender_build.log
402925635	hots-stl-smoke-1-1	2026-10-04T08:41:24Z	609463418	HOTS_STL_SMOKE_TEST.zip	14697500	https://github.com/JimmyTheCool/HOTS-03/releases/download/hots-stl-smoke-1-1/HOTS_STL_SMOKE_TEST.zip
402925635	hots-stl-smoke-1-1	2026-10-04T08:41:24Z	609463422	HOTS_STL_SMOKE_TEST.zip.sha256	124	https://github.com/JimmyTheCool/HOTS-03/releases/download/hots-stl-smoke-1-1/HOTS_STL_SMOKE_TEST.zip.sha256
402925635	hots-stl-smoke-1-1	2026-10-04T08:41:24Z	609463419	manifest.csv	1206	https://github.com/JimmyTheCool/HOTS-03/releases/download/hots-stl-smoke-1-1/manifest.csv
402925635	hots-stl-smoke-1-1	2026-10-04T08:41:24Z	609463424	manifest.json	14850	https://github.com/JimmyTheCool/HOTS-03/releases/download/hots-stl-smoke-1-1/manifest.json
