hero,status,source_key,source_paths,pose,detail_stl,detail_triangles,detail_watertight,print_ready_stl,print_ready_triangles,print_ready_watertight,dimensions_mm,error
Abathur,success,abathur,/home/runner/work/_temp/H2/storm_hero_abathur_base/storm_hero_abathur_base.m3,null,/home/runner/work/_temp/out/01_Detail_Preserving/Abathur.stl,11362,False,/home/runner/work/_temp/out/02_Print_Ready_Watertight/Abathur.stl,450000,False,"[211.2720489501953, 211.2720489501953, 112.42676544189453]",
Brightwing,success,brightwing,/home/runner/work/_temp/H2/storm_hero_brightwing_base/storm_hero_brightwing_base.m3,null,/home/runner/work/_temp/out/01_Detail_Preserving/Brightwing.stl,5861,False,/home/runner/work/_temp/out/02_Print_Ready_Watertight/Brightwing.stl,261204,False,"[117.02271270751953, 117.02271270751953, 112.68762969970703]",
D.Va,success,dva_composite,/home/runner/work/_temp/H2/storm_hero_dva_base/storm_hero_dva_base.m3 | /home/runner/work/_temp/H2/storm_hero_dvamech_base/storm_hero_dvamech_base.m3,null,/home/runner/work/_temp/out/01_Detail_Preserving/D.Va.stl,24252,False,/home/runner/work/_temp/out/02_Print_Ready_Watertight/D.Va.stl,375734,False,"[115.5499267578125, 115.5499267578125, 112.7909164428711]",
Deathwing,success,deathwing,/home/runner/work/_temp/H2/storm_hero_deathwing_base/storm_hero_deathwing_base.m3,null,/home/runner/work/_temp/out/01_Detail_Preserving/Deathwing.stl,22906,False,/home/runner/work/_temp/out/02_Print_Ready_Watertight/Deathwing.stl,416275,False,"[171.5639190673828, 171.5639190673828, 112.57878112792969]",
Muradin,success,muradin,/home/runner/work/HOTS-03/HOTS-03/storm_hero_muradin_base/storm_hero_muradin_base.m3,null,/home/runner/work/_temp/out/01_Detail_Preserving/Muradin.stl,10390,False,/home/runner/work/_temp/out/02_Print_Ready_Watertight/Muradin.stl,339643,False,"[87.1881332397461, 87.1881332397461, 112.60359191894531]",
Nova,success,nova,/home/runner/work/HOTS-03/HOTS-03/storm_hero_nova_base/storm_hero_nova_base_v05.m3,null,/home/runner/work/_temp/out/01_Detail_Preserving/Nova.stl,9650,False,/home/runner/work/_temp/out/02_Print_Ready_Watertight/Nova.stl,186927,False,"[105.09882354736328, 105.09882354736328, 112.37530517578125]",
Sgt. Hammer,success,sgthammer,/home/runner/work/HOTS-03/HOTS-03/storm_hero_sgthammer_base/storm_hero_sgthammer_base_v07.m3,null,/home/runner/work/_temp/out/01_Detail_Preserving/Sgt._Hammer.stl,16863,False,/home/runner/work/_temp/out/02_Print_Ready_Watertight/Sgt._Hammer.stl,449999,False,"[220.2957000732422, 220.2957000732422, 112.711181640625]",
The Lost Vikings,success,lostvikings_composite,/home/runner/work/HOTS-03/HOTS-03/storm_hero_lostbaleog_base/storm_hero_lostbaleog_base.m3 | /home/runner/work/HOTS-03/HOTS-03/storm_hero_losterik_base/storm_hero_losterik_base.m3 | /home/runner/work/HOTS-03/HOTS-03/storm_hero_lostolaf_base/storm_hero_lostolaf_base.m3,null,/home/runner/work/_temp/out/01_Detail_Preserving/The_Lost_Vikings.stl,31058,False,/home/runner/work/_temp/out/02_Print_Ready_Watertight/The_Lost_Vikings.stl,449999,False,"[140.7193603515625, 140.7193603515625, 112.52136993408203]",
Tychus,success,tychus,/home/runner/work/HOTS-03/HOTS-03/storm_hero_tychus_base/storm_hero_tychus_base_v13.m3,null,/home/runner/work/_temp/out/01_Detail_Preserving/Tychus.stl,9776,False,/home/runner/work/_temp/out/02_Print_Ready_Watertight/Tychus.stl,449999,False,"[144.0771484375, 144.0771484375, 112.71670532226562]",
